"Title","Release","IAB Downloads","Unique Downloads"
"Inside the Smart Manufacturing Experience at IMTS 2026","2026-07-30 15:43:00","131","135"
"WEBINAR : Accelerate Your FAI Process by 90% - Without Sacrificing Accuracy","2026-07-29 19:17:00","136","143"
"Why Manufacturers Need to Embrace Social Media — Advanced Manufacturing Live","2026-07-28 09:00:00","165","168"
"Rethinking Process Consolidation to Optimize Manufacturing Efficiency","2026-07-23 09:00:00","169","173"
"How AI & Smart Manufacturing Are Narrowing Time to Market","2026-07-16 09:00:00","182","186"
"The State of Smart Manufacturing — Advanced Manufacturing Live","2026-07-14 09:00:00","173","177"
"The Six Keys to a Successful Milling Application — Advanced Manufacturing Archives","2026-07-09 13:51:00","161","164"
"WEBINAR : Using Computer Vision and edge AI for Defect Detection","2026-07-08 11:24:00","152","161"
"Robotics, AI, and the Future of Automation: Insights from Automate","2026-07-02 09:00:00","204","207"
"Increasing the Ranks of Women in Manufacturing — Advanced Manufacturing Live","2026-06-30 09:00:00","170","174"
"Instilling Manufacturing Enthusiasm Early with SME PRIME","2026-06-25 09:00:00","160","173"
"Humans in the Loop: Expanding Roles on the Shop Floor","2026-06-18 09:00:00","193","198"
"Physical AI Gets Real — Advanced Manufacturing Live","2026-06-16 13:43:00","163","165"
"Speeding up Manufacturing's Metabolism with AMT","2026-06-04 09:00:00","166","173"
"WEBINAR : The Real Game Plan for AI-Driven Growth - Transforming Legacy Data into Strategic Insights","2026-06-03 12:14:00","148","160"
"Manufacturing in Uncertain Times — Advanced Manufacturing Live","2026-06-02 09:00:00","150","157"
"A State-by-State Look at American Innovation","2026-06-01 09:04:00","144","149"
"Executive Perspectives from RAPID + TCT 2026: Additive Manufacturing’s Shift to Production","2026-05-28 09:00:00","172","182"
"How to Market Yourself for Career Growth","2026-05-21 09:00:00","175","187"
"WEBINAR : Efficient Inspection and realtime quality monitoring for ultra-precision polishing of Inertial Confinement Fusion Shells","2026-05-20 15:35:00","146","151"
"The Role of 3D Printing in Medical Manufacturing — Advanced Manufacturing Live","2026-05-19 09:00:00","162","167"
"How Schools are Closing the CNC Skills Gap","2026-05-14 09:00:00","155","168"
"WEBINAR : Hole Making Strategies for Productivity and Precision","2026-05-13 15:43:00","159","169"
"Is the Next Industrial Revolution Here?","2026-05-12 09:45:00","186","194"
"Leveraging Military Research for Commercial Use","2026-05-07 09:00:00","188","203"
"WEBINAR : Scaling Wire Harness Production Without Rework or Chaos","2026-05-06 12:08:00","170","182"
"The Price of Offshoring, The Call for Reshoring — Advanced Manufacturing Live","2026-05-05 09:00:00","177","185"
"Celebrating 250 Years of Freedom, Innovation and Manufacturing","2026-04-30 09:00:00","200","213"
"Tackling Configuration Challenges with AI","2026-04-28 09:00:00","206","216"
"What’s Next for an Original Rosie the Riveter","2026-04-23 16:16:00","185","196"
"WEBINAR : The Manufacturer’s Guide to R&D Tax Credits - How Do Manufacturers Qualify & What Changed With the OBBB","2026-04-22 12:39:00","208","219"
"2027 Defense Budget Proposal and a Visit to Newlab — Advanced Manufacturing Live","2026-04-21 09:00:00","185","196"
"Manufacturing Strength is National Security, a Conversation with Brett Conner","2026-04-16 09:00:00","217","236"
"How Work-Based Learning Is Changing Workforce Readiness","2026-04-14 09:00:00","228","241"
"Diving into Additive Ahead of RAPID + TCT 2026","2026-04-09 09:00:00","219","238"
"WEBINAR : The 2026 Manufacturing Outlook: How Leaders are Investing, Adapting, and Competing","2026-04-08 11:51:00","205","214"
"An Exclusive RAPID + TCT Preview — Advanced Manufacturing Live","2026-04-07 09:00:00","220","231"
"Solving Labor Shortages with Advanced Cobots","2026-04-02 09:00:00","272","290"
"WEBINAR : Variability to Visibility - Managing Interconnected Manufacturing Risks","2026-04-01 08:00:00","229","244"
"Energizing Composite Engineering with Brittany Rodriguez","2026-03-26 09:00:00","354","372"
"WEBINAR : Smart Data, Smarter Decisions: Data Driven Lubricant","2026-03-25 12:48:00","217","223"
"All-In-One 3D Printing - Advanced Manufacturing Live","2026-03-24 10:00:00","240","249"
"Manufacturing Strength is National Security, a Conversation with Brett Conner","2026-03-19 09:00:00","115","122"
"WEBINAR : Reducing Scratches, Noise & Downtime in Sheet Metal Fabrication","2026-03-18 17:35:00","222","235"
"WEBINAR : Preserving Manufacturing Expertise in an AI Era: Turning Tribal Knowledge Into Competitive Advantage","2026-03-12 12:59:00","301","318"
"Economic Expansion, Industry Events and the Latest on Tariffs","2026-03-10 09:00:00","232","239"
"AI, Tariffs and Other Supply Chain Trends","2026-03-05 10:00:00","307","322"
"WEBINAR : Designing A Smarter Manufacturing Sector - How Winning Manufacturers Put Historical Data At The Center Of Their Business Transformation","2026-03-04 07:29:00","245","253"
"How Shop Floors are Using 3D Printers","2026-03-03 11:00:00","226","235"
"What’s Next for Aerospace and Defense","2026-02-26 14:56:00","272","288"
"WEBINAR : Additive Manufacturing Market Trends and Successful Strategies in Current Consolidation Phase","2026-02-25 07:30:00","234","249"
"Advanced Manufacturing Live, Ep. 4","2026-02-24 11:00:00","187","200"
"WEBINAR : Unlocking the Environmental Benefits of Aluminum in BEVs","2026-02-19 07:01:00","254","272"
"WEBINAR : Advanced Machining Strategies for Solid Carbide Milling","2026-02-18 15:51:00","225","234"
"A Conversation with Two Sisters of the Trades","2026-02-17 11:00:00","237","246"
"Advanced Manufacturing Live, Ep. 3","2026-02-13 11:00:00","270","284"
"WEBINAR : Why Use a Time Series Database for Real-Time Industrial Intelligence","2026-02-11 20:09:00","275","284"
"The Art and Science of Attracting Manufacturing Talent","2026-02-10 11:00:00","247","256"
"Rethinking Continuous Improvement with UiPath","2026-02-05 11:00:00","284","297"
"WEBINAR : From Tribal Knowledge to AI Advantage - Unlocking The Hidden Power of Your Manufacturing Data","2026-02-04 13:53:00","268","274"
"Fixing What You Can’t See","2026-02-03 11:00:00","251","257"
"Expansion in the Heart of New York City","2026-01-29 11:00:00","275","289"
"Manufacturers Battle the Skilled Labor Shortage","2026-01-27 11:00:00","302","311"
"Preparing Tomorrow’s Manufacturers in an AI-Driven Industry","2026-01-22 11:00:00","648","673"
"WEBINAR : Precision at Risk? Rethinking Your Gage and Tool Management","2026-01-21 13:00:00","232","241"
"The Importance of Mentorship in Manufacturing","2026-01-20 11:00:00","248","257"
"Military Veterans Strengthen the Manufacturing Workforce","2026-01-15 14:00:00","275","288"
"On the CES Show Floor: A Conversation with SME's Dr. Brett Conner","2026-01-13 11:00:00","286","299"
"Advanced Manufacturing Live Preview","2025-12-30 11:00:00","336","363"
"Manufacturing’s Year in Review (and a Sneak Peek at 2026)","2025-12-25 11:00:00","325","340"
"WEBINAR : Automate Production & Material Tracking with Intelligent Nesting + ERP Integration","2025-12-24 06:06:00","329","339"
"CES 2026 Preview: Gary Shapiro on AI, Manufacturing Innovation & the Future of Technology","2025-12-23 11:00:00","305","315"
"Building an AI Junior Engineer with P1-AI","2025-12-18 11:00:00","266","283"
"WEBINAR : Preparing Manufacturing for the AI Revolution","2025-12-17 14:10:00","215","227"
"Reframing Quality as a Growth Strategy with ZEISS","2025-12-16 11:00:00","220","230"
"How Tallo Is Transforming Early Talent Engagement","2025-12-11 19:00:00","219","235"
"AI, Automation, and the Next-Gen Workforce","2025-12-09 11:00:00","276","285"
"Inside AMFT’s Strategy for Growth","2025-12-04 17:52:00","234","252"
"The Future of Maintenance Tech: AI, Usability & CMMS Best Practices","2025-12-02 11:00:00","236","256"
"WEBINAR : Debunking Ceramic Myths and Discovering Productivity","2025-11-26 08:00:00","235","254"
"Automation Trends: December 2025 Smart Shop Essentials Preview","2025-11-25 10:23:00","209","219"
"WEBINAR : Beyond the Labor | Understanding Robot ROI from Products to Profits","2025-11-20 08:30:00","226","241"
"Building Tomorrow’s Workforce: Inside AWT’s Mission to Transform Manufacturing in Northeast Ohio","2025-11-19 19:00:00","217","225"
"Tariffs, Labor, AI and the Trends Shaping U.S. Industry with Wipfli","2025-11-18 11:00:00","220","231"
"How Data Spaces and Digital Twins Are Transforming Manufacturing Efficiency","2025-11-13 13:00:00","273","291"
"WEBINAR : Synergizing Safety and Risk - An Integrated Risk Management Success Journey","2025-11-12 12:44:00","195","207"
"Mentoring the Bright Minds of Manufacturing","2025-11-11 11:00:00","209","217"
"Medical Device Manufacturing, Photonics Innovation & the Push for Automation","2025-11-04 13:00:00","245","262"
"WEBINAR : Educate to Innovate - Advancing Medical 3D Printing Through Structured Learning","2025-10-29 16:15:00","230","250"
"Celebrating Manufacturing’s Next Generation: SME’s 2025 “30 Under 30” Honorees","2025-10-28 10:00:00","212","223"
"AI Meets ERP: Smarter Manufacturing with Acumatica and Algorithm Inc.","2025-10-21 10:00:00","331","349"
"WEBINAR : Women of SMART Virtual Experience | Part 2 of 2","2025-10-16 12:24:00","244","258"
"WEBINAR : Women of SMART Virtual Experience | Part 1 of 2","2025-10-16 11:08:00","198","212"
"How Intelligent Lubrication Is Transforming Manufacturing","2025-10-14 10:00:00","245","259"
"Building the Manufacturing Workforce of the Future: Inside SME’s Workforce Pipeline Challenge","2025-10-09 18:00:00","283","300"
"The Critical Role of Workforce in Manufacturing & Maritime Defense","2025-10-08 15:20:00","257","271"
"WEBINAR : Solutions for High-Rate Manufacturing of Composites in Advanced Air Mobility","2025-10-02 11:58:00","322","341"
"Decoding Certifications: What You Need to Know About Industry-Recognized Credentials","2025-09-24 18:00:00","307","319"
"Inspiring the Next Generation of STEM at LTU","2025-09-23 10:22:00","244","252"
"WEBINAR : Special Issue in Manufacturing Letters Journal: ""Innovations in Manufacturing Education""","2025-09-22 18:34:00","256","267"
"Metrology Matters: October Smart Shop Essentials Preview","2025-09-16 10:00:00","292","301"
"Inside the Digitally Connected Factory with Deltek","2025-09-10 13:27:00","353","407"
"Executive Perspectives: The Future of Advanced Manufacturing","2025-09-02 10:00:00","371","380"
"Vertical Machining Centers, EV Production and Cybersecurity","2025-08-26 15:02:00","299","310"
"How NCATC Builds Partnerships That Last","2025-08-20 18:00:00","265","280"
"Addressing the Skills Gap with Smart Technologies","2025-08-19 10:30:00","315","325"
"Removing Uncertainty: Choosing the Right Metalworking Fluid","2025-08-12 10:45:00","288","304"
"Cybersecurity for SMMs: A Conversation with CyManII & Michigan Tech","2025-08-05 10:00:00","684","725"
"Optimize Your Tool Paths: August Smart Shop Essentials Preview","2025-07-29 10:00:00","273","289"
"A New Era for SME Media: Manufacturing Engineering and Technology","2025-07-22 10:15:00","328","348"
"Dave Evans on AI, Innovation, and Manufacturing's Future","2025-07-15 10:00:00","369","387"
"Manufacturing Empathy at NAMRC 53","2025-07-08 10:00:00","299","316"
"Skills, Confidence, and Champions with Clint Smith","2025-07-01 17:38:00","184","276"
"Reimagining CAD/CAM with Toolpath AI","2025-07-01 10:00:00","321","325"
"The Human Side of Manufacturing with Meaghan Ziemba","2025-06-24 10:00:00","397","413"
"Driving PINpoint Manufacturing Performance with Digital Technology","2025-06-17 10:00:00","290","299"
"SME Media on the Road: Realize LIVE, the Golden LEAF Foundation and More","2025-06-10 10:07:00","267","270"
"Ten Years of Smart Manufacturing Magazine","2025-06-03 10:00:00","309","313"
"How AI is Shaping the Future of Workforce Development","2025-05-28 18:00:00","358","376"
"How AI is Shaping the Future of Workforce Development","2025-05-28 16:04:00","252","262"
"Digital Thread and Model-Based Definition in Manufacturing with John McCullough","2025-05-23 10:00:00","349","352"
"Tools to Advance Your Business: Strategies for Manufacturing Success","2025-05-20 10:00:00","352","356"
"How ERP Can and Should Be a Manufacturer's Most Valuable Asset with Dusty Alexander","2025-05-16 13:22:00","308","310"
"Doing Better: June Smart Shop Essentials Preview","2025-05-13 10:00:00","268","271"
"Generations of Innovation at Scientific Cutting Tools with Jonathan Christopher and Brian Falk","2025-05-09 10:00:00","265","270"
"Fitting Additive Manufacturing Into Your Toolbox With M5D’s Kevin Carr","2025-05-06 10:00:00","284","287"
"Using Technology to Bridge the Skills Gap with Mr. CNC of Siemens","2025-05-02 10:00:00","320","326"
"Optimizing Maintenance Management with Nick Haase of MaintainX","2025-04-29 10:00:00","265","269"
"From Cool to Cost Effective: Additive Manufacturing in 2025","2025-04-25 10:00:00","292","296"
"Using AI to Find the Right Parts with James Novak","2025-04-22 10:00:00","279","284"
"Empowering the Next Generation of Machinists: Gabe Kooyers' Revolutionary Approach to Manufacturing Education","2025-04-16 18:00:00","320","338"
"Pragmatic Digital Twins with Jason Hehman","2025-04-15 10:00:00","270","275"
"Testing Additive Components with Jerry Capo and Dr. Alex Kinsey","2025-04-11 10:00:00","275","277"
"Protecting the Cyber World with Gabriela Ciocarlie","2025-04-08 10:00:00","564","571"
"Building the Future of Additive Manufacturing with Materialise's Brigitte de Vet","2025-04-04 10:00:00","317","324"
"Rotary Surface Grinding in Additive Manufacturing with Erik Lawson","2025-04-01 10:00:00","281","283"
"Growing the Workforce Talent Pipeline with Dr. Deb Volzer","2025-03-28 10:00:00","292","297"
"Sparking Innovation: Transforming STEM Education and Diversity in Engineering","2025-03-26 18:00:00","267","281"
"The Intersection of AI and Manufacturing: A Conversation with MetaOps","2025-03-25 09:00:00","396","401"
"April Smart Shop Essentials Preview","2025-03-21 09:00:00","276","282"
"The Future of Cybersecurity: Insights from CyManII","2025-03-18 09:00:00","303","314"
"Harnessing Collective Innovation for Change: AeroDef 2025","2025-03-14 09:00:00","310","313"
"The AI Revolution in Manufacturing","2025-03-11 10:00:00","445","450"
"April Smart Manufacturing Preview","2025-03-07 10:00:00","312","316"
"Advancing the Future of Manufacturing: The SME Bright Minds Student Mentorship Program","2025-03-04 10:00:00","299","305"
"Transforming Manufacturing with AI and Advanced Monitoring","2025-02-25 10:00:00","443","449"
"The Future of Manufacturing: Embracing AI and Digitization","2025-02-18 10:00:00","429","430"
"Building Inclusive Workplaces – How Aspiritech is Leading the Way","2025-02-12 17:00:00","292","306"
"Smart Shop Essentials Preview","2025-02-12 14:48:00","275","280"
"Revolutionizing Manufacturing: The Role of MESC","2025-02-11 10:00:00","273","280"
"Empowering Service Technicians: AI, Digital Transformation, and the Future of Manufacturing","2025-02-04 10:00:00","311","314"
"Tackling Workforce Challenges with Automation: CLM Solutions for Modern Manufacturing","2025-01-28 10:00:00","330","335"
"Precision, Partnerships, and the Future of Manufacturing: A Conversation on Metrology","2025-01-21 16:00:00","338","344"
"Building the Future: How Lone Star College and NOV are Shaping Tomorrow's Manufacturing Workforce","2025-01-21 14:16:00","250","261"
"Unifying Advanced Manufacturing: RAPID + TCT, AeroDef, WCX and TRX Colocation","2025-01-14 10:00:00","360","367"
"Smart Manufacturing and the Future of the Workplace","2025-01-07 10:00:00","453","456"
"Navigating Leadership Challenges in Manufacturing","2024-12-31 10:00:00","355","360"
"Automation, Robotics, and the Future of Manufacturing","2024-12-23 10:00:00","416","425"
"Manufacturing’s Year in Review (and a Sneak Peak at 2025)","2024-12-20 10:00:00","305","312"
"Exploring the Future of Aviation Fluids","2024-12-17 10:00:00","264","271"
"Shaping the Future Workforce with the SME Education Foundation","2024-12-13 10:00:00","265","270"
"From Selling Cookies to Exploring Careers in STEM: How Girl Scouts of Northeast Ohio is Building the Workforce of Tomorrow","2024-12-11 19:00:00","236","245"
"The Future of Sand Casting with Humtown","2024-12-10 10:00:00","268","277"
"The Future of Manufacturing with Kathy Wengel","2024-12-06 10:00:00","341","351"
"Driving Innovation in Advanced Manufacturing with LIFT","2024-12-03 10:00:00","275","282"
"Flexibility for Frontline Workers in Manufacturing","2024-11-29 10:00:00","311","321"
"Unlocking the Power of Product Experience Management","2024-11-26 10:00:00","272","278"
"Delivering on the Promise of Delivery: Addressing Manufacturing Supply Chain Challenges","2024-11-22 10:00:00","317","327"
"The Value of Integrating Technology Platforms Across your Operations","2024-11-19 10:00:00","316","325"
"The Impact of Robotics on Smart Manufacturing","2024-11-15 10:00:00","407","417"
"From Teen Father to Manufacturing Titan: Drew Crowe’s Journey of Second Chances","2024-11-13 19:00:00","266","279"
"Revolutionizing Manufacturing with Automation","2024-11-12 14:51:00","347","355"
"Unlocking Continuous Improvement with Minitab","2024-11-08 10:00:00","354","361"
"The Role of AI in Modern CRM","2024-11-05 14:02:00","359","369"
"Shaping the Workforce of Tomorrow: A Conversation with Jeannine Kunz, SME's Chief Workforce Development Officer","2024-10-30 18:00:00","298","316"
"Model-Based Enterprise in Aerospace and Defense","2024-10-29 09:00:00","308","323"
"The Future of Industrial Automation","2024-10-22 09:00:00","498","514"
"Be Pro, Be Proud—a new model to attract the next-generation manufacturing talent","2024-10-15 09:00:00","329","337"
"Authentic Leadership with Ronald J. Bennett","2024-10-14 14:05:00","304","314"
"User-Friendly Simulation for Everyone","2024-10-11 09:00:00","305","314"
"Harnessing AI for Smarter Manufacturing","2024-10-08 16:09:00","372","380"
"How to Modernize the SMB Manufacturing Shop Floor","2024-10-04 09:00:00","370","377"
"Can lubricants play a role in reducing carbon from manufacturing?","2024-10-01 09:00:00","303","314"
"Improve Business Performance and On Time Delivery","2024-09-24 09:00:00","390","407"
"Value Added with SME Membership","2024-09-20 14:22:00","288","300"
"How AI is Transforming Manufacturing Processes","2024-09-17 09:00:00","487","496"
"Innovative Solutions in Data Analytics & Visualization for Smart Manufacturing","2024-09-10 09:00:00","372","385"
"IMTS Preview","2024-09-06 20:20:00","284","291"
"Smart Platforms for Manufacturing","2024-09-05 13:11:00","359","369"
"Cyber Threats in Manufacturing: Identifying and Mitigating Risks","2024-09-03 17:42:00","554","571"
"Assess, Accelerate, Operationalize: Aligning Digital Transformation with Cybersecurity","2024-08-27 13:11:00","491","504"
"From Design to Delivery: Bridging the Gap with Integrated Engineering Tools","2024-08-23 09:00:00","336","346"
"The Benefits of Automation and Industry 4.0","2024-08-20 09:00:00","444","451"
"Growing Importance of Time Series Data","2024-08-13 09:00:00","373","380"
"Which Round Tool is Right for Your Job?","2024-08-06 09:00:00","339","347"
"Training the Smart Manufacturing Workforce","2024-07-30 09:00:00","431","440"
"Voices AMplified: Dawne Hickton","2024-07-25 14:00:00","341","358"
"Optimize Production Planning with Advanced Scheduling in ERPs","2024-07-16 09:00:00","595","603"
"Voices AMplified: Melanie Lang","2024-07-11 14:00:00","327","343"
"Axiom Podcast","2024-07-09 19:06:00","2","2"
"Using Tacit Knowledge to Advance Manufacturing","2024-07-09 09:00:00","423","433"
"How Reality Capture Helps Solve Industry 4.0 Complexity","2024-07-02 09:00:00","440","450"
"The Importance of Simulation for Manufacturers","2024-06-25 09:00:00","450","463"
"Smart Tips for Small and Medium Manufacturers","2024-06-18 09:00:00","476","487"
"What’s Next for Additive Manufacturing?","2024-06-11 14:01:00","587","613"
"The Impact of Industrial Touchscreens on Smart Manufacturing","2024-06-04 09:00:00","412","441"
"Recording.m4a","2024-05-29 18:00:43","1","1"
"Process Improvements: Benefits of Flexible and Customizable Manufacturing Solutions on the Shop Floor","2024-05-24 09:00:00","547","578"
"Improving Manufacturing Efficiency","2024-05-21 09:00:00","513","542"
"The Role of Time Series Data in Intelligent Manufacturing Systems","2024-05-14 09:00:00","497","520"
"Overcoming Data Disparity and Workforce Challenges","2024-04-30 09:00:00","554","589"
"All Ashore!","2024-04-18 19:30:00","555","593"
"Exploring AI's Impact on Smart and Advanced Manufacturing","2024-04-04 09:00:00","853","897"
"Steps to Overcome Manufacturing Blind Spots","2024-03-20 14:49:00","744","791"
"Transformational Leadership in Manufacturing: Insights with Laurie Harbour","2024-03-05 10:00:00","745","784"
"Tackling the Challenges of Manufacturing for Harsh Environments","2024-02-27 10:00:00","669","700"
"3 Ways to Improve Operational Efficiency and Save Costs","2024-01-30 10:30:00","1000","1065"
"LISTEN: Smart Manufacturing’s Role in Industry 4.0 Success","2024-01-16 15:00:00","1028","1067"
"Smart Manufacturing for Small & Medium-sized Manufacturers","2024-01-09 15:00:00","958","993"
"Smart Manufacturing and the Workforce","2023-12-19 15:00:00","746","797"
"Digital Transformation – Securing the Future of U.S. Manufacturing","2023-12-05 16:00:00","873","920"
"Impact of AI and Machine Learning on Smart Manufacturing","2023-11-21 15:00:00","1582","1621"
"AI and Advanced Analytics for Sustainable Manufacturing Operations","2023-11-21 14:00:00","604","636"
"How Small- and Mid-Sized Manufacturers Can Navigate Industry 4.0","2023-11-14 14:00:00","705","734"
"3 Steps to Get Started with Smart Manufacturing","2023-11-07 14:00:00","625","649"
"Modern Makers: Flipping the Script on Perceptions of Manufacturing Careers","2023-11-02 18:30:00","517","541"
"Proactive Approaches to Cybersecurity in Manufacturing","2023-10-31 14:00:00","610","661"
"How a Unified Analytics Framework Empowers Smart Manufacturing","2023-10-24 14:00:00","565","594"
"Modern Makers: Smashing Perceptions of Manufacturing Careers","2023-10-19 14:00:00","596","619"
"Making the Most of Manufacturing Three D’s: Decentralization, Digitalization and 3D Printing","2023-10-17 14:00:00","601","640"
"Smart Manufacturing’s Impact on Sustainable Building Technology","2023-10-10 14:00:00","533","587"
"Modern Makers: Advanced Careers in Manufacturing","2023-10-05 15:46:00","623","660"
"Voices AMplified: Dreams Lab Architect","2023-08-18 16:00:00","796","910"
"Voices AMplified: AM Assortment of Processes","2023-08-18 14:00:00","551","602"
"Voices AMplified: God Father of Cold Spray","2023-08-17 16:00:00","561","616"
"A Validating Experience: Manufacturing High-Quality Medical Devices","2023-08-17 14:00:00","571","648"
"Greasing the Skids on Automation","2023-08-08 14:00:00","666","756"
"Making the Most of Unattended Operations","2023-07-18 14:00:00","710","802"
"Climate Change and Manufacturing – Ideas for Being Part of the Solution","2023-07-11 14:00:00","657","744"
"Lowering Die Cast Aluminum Manufacturing Costs","2023-06-27 14:00:00","797","917"
"Aligning Your Technology Roadmap for Strategic Success","2023-06-22 14:00:00","786","910"
"Exploring Innovation in Portable, On-Demand Additive Manufacturing","2023-06-13 14:00:00","743","851"
"Voices AMplified: AM and Sustainability","2023-04-25 16:00:00","1056","1183"
"Masterminding Smart Factories","2023-04-11 14:00:00","1156","1258"
"Key Factors Driving the Need for Automation","2023-03-14 14:00:00","1073","1217"
"Manufacturing More with Less: Creating Solutions for Production Challenges with Smart Automation","2023-03-07 15:00:00","976","1110"
"Build vs. Buy? What’s Best for Your AI Platform and Application Needs","2023-02-02 15:00:00","1009","1166"
"Ways to Drive Manufacturing Knowledge Transfer in a Growing Labor Shortage","2023-01-10 15:00:00","1150","1298"
"How Manufacturers Can Reduce Costs in an Inflationary Environment","2023-01-03 15:00:00","1028","1162"
"Protecting Your Business from Cyber Threats","2022-12-29 15:00:00","782","903"
"Plex – Quality as a Mindset, Quality as a Culture","2022-12-27 15:00:00","814","939"
"CAPTURE 3D – Debunking Myths about Digital Transformation in Manufacturing","2022-12-22 15:00:00","787","895"
"End Mill Optimization With Ceratizit","2022-12-20 15:00:00","720","835"
"The ROI for Cobot Welders","2022-12-15 15:00:00","845","945"
"Start Smart and Go Big to Avoid Pilot Purgatory and Achieve ROI","2022-12-13 15:00:00","721","822"
"Overcoming Staffing Challenges During the Rise of Automation in Manufacturing","2022-12-06 15:00:00","830","940"
"Voices AMplified: Making the Impossible, Possible—A Passion for Additive Manufacturing","2022-12-01 19:00:00","931","1042"
"Hexagon - Digitally transforming operations by putting data to work using Manufacturing Intelligence","2022-11-29 15:00:00","839","943"
"Connected Environments – Decision Making Criteria for Optimal Outcomes","2022-11-22 14:00:00","742","833"
"Overcoming Smart Warehouse Challenges with Private 5G","2022-11-17 15:00:00","798","898"
"Measuring Up: Automated 3D Metrology","2022-11-15 14:00:00","749","855"
"Voices AMplified: Perspectives on the Potential of Additive Manufacturing","2022-11-10 21:00:00","891","996"
"Sustainability in Manufacturing","2022-11-08 14:00:00","865","977"
"Filling in Manufacturing “Blind Spots”","2022-11-01 14:00:00","888","1002"
"How Manufacturers can Leverage Next-Generation Technologies","2022-10-18 18:00:01","953","1060"
"How to Accelerate the Adoption of Smart Manufacturing","2022-10-18 14:00:00","892","1212"
"Augmented Lean: The New Management Framework for Frontline Operations","2022-10-11 14:00:44","942","1045"
"3 Key Steps for SMBs to Achieve Digital Transformation","2022-10-04 14:00:51","834","947"
"Making the Case for Machine Learning","2022-09-27 14:00:00","872","983"
"Putting Metalworking Fluids to Work on the Plant Floor","2022-09-20 14:00:46","876","999"
"Getting the Most out of Data to Drive Efficiencies and Profitability","2022-09-13 15:00:22","862","982"
"Voices AMplified: From Racecars to Advanced Manufacturing","2022-09-08 20:00:01","873","987"
"Composing Manufacturing Solutions in a Disruptive World","2022-09-07 14:00:30","806","923"
"Big Fans, Even Bigger Benefits","2022-08-30 14:00:30","818","938"
"How Intelligent Automation Drives Flexible Manufacturing","2022-08-23 14:00:32","935","1056"
"Getting Smart About IIoT and Factory Digitalization","2022-08-09 14:00:39","1057","1212"
"Improving Product Documentation & Communication","2022-08-02 14:00:34","992","1110"
"Limitless Connectivity and Smart Manufacturing","2022-07-26 14:00:28","925","1037"
"Real World Applications for Mixed-Reality Software","2022-07-19 14:00:27","903","1023"
"Cloud Manufacturing with Fractory","2022-07-05 14:00:00","1047","1180"
"Building Successful Businesses in Tampa Bay","2022-06-28 14:00:00","900","1065"
"Real-Time Plant-Floor Visibility and Analysis - Why it Matters","2022-06-21 14:00:46","1056","1165"
"How 5G Will Spur Manufacturing of the Future","2022-06-07 14:00:45","1154","1283"
"Reducing Complexity in Assembly Equipment","2022-05-25 14:00:51","1035","1171"
"Voices AMplified: Medical AM, Past, Present and Future","2022-05-19 14:00:11","957","1091"
"Voices AMplified: The Personal Experience of Additive Manufacturing","2022-05-18 16:00:29","943","1051"
"Test Podcast","2022-05-18 14:00:23","1","1"
"Voices AMplified: Promises and Pitfalls of AM","2022-05-17 17:19:14","828","948"
"Voices AMplified: Metal AM—Past, Present and Future with Greg Morris","2022-05-09 20:30:05","968","1114"
"Fatal Flaws of First Generation Monitoring Systems","2022-05-06 16:00:00","992","1121"
"Your Key to Employee Retention","2022-04-22 16:00:00","1084","1238"
"Why You Should “Ditch Design for AM”","2022-04-07 20:09:26","1115","1273"
"Transforming the Way Mid-Market Manufacturers Hire   ","2022-03-03 15:34:38","1224","1391"
"Six Keys to a Successful Milling Application","2022-02-25 13:00:00","1229","1374"
"The 3 Best Practices for Implementing Machine Tending Cobots","2022-02-11 17:00:00","1209","1347"
"Enter the Age of the Engineer/Data Scientist","2022-01-31 12:30:59","1385","1529"
"Opportunities in the Second Wave of Additive Manufacturing","2022-01-03 15:31:04","1753","1915"
"How to Exploit AI in Manufacturing.","2021-12-16 14:59:27","1277","1467"
"The Growing Importance of Cybersecurity in Manufacturing","2021-11-05 13:19:03","1645","1915"
"Data, Analytics and Smart Manufacturing","2021-10-13 16:58:11","1485","1681"
"Manufacturing 4.0 Made Possible","2021-10-11 18:48:30","1406","1569"
"New Requirements in Electric Vehicles Manufacturing","2021-10-07 14:49:06","1219","1343"
"Techniques for Problem Solving for Engineers","2021-09-16 20:36:39","1401","1527"
"Overcoming Labor Shortages  with Autonomous Equipment","2021-08-04 18:36:48","1398","1557"
"Four Intersecting trends in Manufacturing","2021-07-20 18:08:28","1459","1586"
"Ordering Direct Metal Printing Online","2021-07-20 15:48:07","984","1094"
"Tooling for Small CNCs","2021-07-14 12:45:41","1243","1357"
"Innovative Swiss Machining and Tools","2021-06-28 20:09:44","1108","1221"
"A Manufacturing Owner Perseveres in the Time of Covid.","2021-06-02 19:53:41","955","1068"
"Manufacturing Affordable, Adaptable Pediatric Prosthetics with 3D Printing","2021-05-25 14:05:20","773","913"
"AIM Photonics will give already-exploding AI/ML shot in the arm","2021-05-12 18:52:38","658","786"
"How Advanced Computing Improves Machining","2021-05-03 20:24:00","807","913"
"The State of Additive Manufacturing in Defense","2021-04-09 13:42:33","952","1184"
"One Year Later - How the COVID-19 Pandemic Accelerated Digital Transformation in the Manufacturing Sector","2021-04-07 14:23:24","738","929"
"Digital Solutions for Additive Manufacturing","2021-04-05 16:13:26","752","982"
"25 Leaders Transforming Manufacturing","2021-04-01 16:42:36","928","1141"
"Multi-Sensor Vision Systems: How They Compare with Traditional CMMs","2021-03-31 16:07:01","654","860"
"X-Ray CT Technology for Additive Manufacturing ","2021-03-29 12:38:20","699","910"
"Why You Should Go Electric For Your Assembly System","2021-03-26 13:07:38","719","905"
"Integrating Measurement Data in Manufacturing","2021-03-24 14:00:43","769","965"
"Building Your Toolbox to Accelerate Digital Transformation","2021-03-22 18:16:26","729","936"
"Time to improve machine uptime with The UP! App","2021-03-19 13:54:13","690","910"
"The Problem With Files in Manufacturing (And How To Solve It)","2021-03-17 16:27:37","675","867"
"New SME CEO Bob Willig Looks at What’s Ahead for Manufacturing and SME","2021-03-10 14:27:28","813","1018"
"Autonomous Material Handling – The ROI and How AMRs Advance Your Operations","2021-03-04 20:24:35","738","941"
"ZVerse brings design, engineering, manufacturing together in a live environment","2021-02-26 14:55:20","539","664"
"Bringing Automated Feedback to Machine Tools","2021-02-26 14:13:13","678","887"
"Smarter Manufacturing Tools to Improve AM","2021-02-24 15:48:42","723","951"
"Tackling the Skills Gap: Leveraging Millennials and Gen Z","2021-02-22 16:21:17","794","1044"
"Is now the time to get a cobot?","2021-02-15 18:56:28","810","1136"
"Italy’s Next Generation of Smart Manufacturers ","2021-02-09 15:13:17","742","975"
"The Italian Trade Agency’s Angle on EMO Milan and other 2021 Trade Shows","2021-02-09 14:54:08","529","751"
"20 women making their mark in robotics & automation","2021-02-01 19:06:34","749","1004"
" EnvisionTEC CEO: 3D Printing Is About to Disrupt Plastics","2021-02-01 13:49:58","745","993"
"Proactive OT Security—Protecting Before The Attack","2021-01-27 14:40:54","1049","1320"
"Enhancing Five-axis Milling with Circle Segment End Mills","2021-01-15 14:25:08","805","1048"
"Manufacturing in Central Florida","2021-01-13 14:54:41","732","1007"
"Eliminating the Post-Processing Headache","2021-01-08 18:08:43","817","1079"
"Gear Head Spindles and Why Job Shops May Need Them","2020-12-16 15:21:04","886","1174"
"Engaging & Recognizing Employees","2020-12-14 13:48:49","772","1042"
"A More Informed Welding Solution","2020-12-11 15:31:45","782","1048"
"Estimating and Job Costing in the Age of Digitization","2020-12-07 14:10:07","792","1069"
"Autonomous Manufacturing, The Next Level","2020-12-04 15:16:20","869","1143"
"Siemens and partners remove barriers, scramble to help protect Americans","2020-12-02 21:27:35","691","962"
"Enabling a Safer, Productive, More Efficient Workforce","2020-11-18 14:39:08","777","1093"
" Lean Leaders: Who Are They?","2020-11-16 17:57:21","907","1182"
"Keeping Your Air Clean While Welding","2020-11-11 14:15:26","779","1077"
"Lower Cost Through Standard Equipment","2020-11-02 12:53:26","855","1124"
"How Can U.S. Manufacturing Bridge the Skills Gap?","2020-10-30 13:17:38","890","1178"
"Automation Champions Battling Show-Stopping Integration Issue in U.S. ","2020-10-28 19:58:46","738","1019"
"Case Study - How AM (3D Printing) Can Accelerate & Advance Your Design","2020-10-26 12:44:23","813","1143"
"How Advanced Simulation is Transforming Manufacturing","2020-10-23 14:15:22","782","1103"
"Digital Transformation and Your Company","2020-10-21 12:43:06","938","1251"
"  Demystifying the IIoT ","2020-10-19 12:01:51","976","1313"
"Manufacturing and Artificial Intelligence","2020-10-14 13:16:16","869","1191"
"Automation, AI, and Interoperability for More Resilient Manufacturing in a Post-COVID World","2020-10-12 13:39:22","820","1112"
" How Machine Shops Can Benefit from New Automation Technology","2020-10-09 13:22:11","864","1178"
"Quality Boost: Simple, Effective Problem Solving","2020-10-07 16:23:10","786","1088"
"The Deeper Issue around Total Cost of Ownership for Manufacturers","2020-09-30 12:24:37","848","1179"
"Quit Making Excuses. Now is the Time to Digitize","2020-09-23 13:35:18","851","1190"
"In the Thick of the ‘Herculean’ Vaccine Push","2020-09-21 12:00:00","1619","2009"
"Pandemic Makes Case for More Automation, Robotics","2020-09-21 12:00:00","812","1098"
"Exactly How to Use Automation to Relieve Pressure","2020-09-16 12:00:00","809","1223"
"Autonomous Mobile Robots Drive Manufacturing Versatility","2020-09-03 12:35:48","883","1238"
"Adopting AM to Drive Organizational Value ","2020-09-02 12:46:32","900","1258"
"Help Wanted: ‘Bits n Bytes’ People to Complement ‘Nuts n Bolts’ Folks ","2020-08-31 12:33:24","812","1130"
" How to Optimize the Grinding Process","2020-08-26 12:49:59","780","1137"
"Digital Twin and the Smart Enterprise","2020-08-24 21:02:50","824","1171"
"Insight into HP’s new PP, expansion of 3D printing","2020-08-20 15:29:44","927","1329"
"The Importance Of Being Able To Pivot","2020-08-17 12:41:13","744","1152"
"The Intersection of Manufacturing & Cloud","2020-08-14 11:46:14","841","1242"
"Creating Operational Excellence with Incentive Pay","2020-08-12 14:11:41","820","1166"
"The Digital Transformation of Manufacturing","2020-07-29 12:00:40","1027","1460"
"Targeting the Skills Gap in Forming and Fabricating","2020-07-24 12:05:26","912","1350"
"How Manufacturers Can Cope with COVID-19 While Becoming More Resilient","2020-07-24 12:02:51","731","1118"
"Scaling Digital Additive Manufacturing for Medical Applications – Opportunities and Challenges","2020-07-22 12:02:38","771","1203"
"MTConnect Exec: Standards Help See Into Future, Integrate Diverse Equipment","2020-07-20 12:15:00","731","1138"
"The Growing Role of Automation in Finishing Operations ","2020-07-15 12:00:00","1008","1422"
"The Steps to Digital Transformation","2020-07-10 12:45:43","780","1225"
"Weathering Any Storm with Operational Agility","2020-07-08 14:56:09","779","1192"
" Fusion OEM Embraces Cobots, Invests In Future Expert Machinists ","2020-07-06 12:00:00","806","1222"
"The Role of Abrasives in Automotive Body Shops","2020-07-01 12:44:02","694","1141"
"Microsoft Exec On Ways To Do Well Despite COVID-19 Crisis ","2020-06-29 12:35:19","704","1098"
"The Growth of Manufacturing as a Service","2020-06-22 16:17:44","881","1451"
"Hearing is Believing: Using Vibro-Acoustic Technology in Engineering","2020-06-19 14:34:38","796","1244"
"Deburring in Forming and Fabricating: Part 1","2020-06-18 15:56:17","682","1105"
"Deburring in Forming and Fabricating: Part 2","2020-06-18 15:54:37","629","1069"
"Extended Reality: VR, AR, MR, XR? Which Is The Solution For Me?","2020-06-17 13:33:23","764","1206"
"Getting Supply Chain Risk Under Control ","2020-06-08 12:22:36","903","1353"
"Wrangling Security Issues Associated with IT/OT Convergence","2020-06-01 13:00:05","1092","1609"
"Manufacturing In The Florida Panhandle","2020-05-27 12:00:00","930","1369"
"Praemo EVP: Insight Right Under Our Noses","2020-05-20 12:00:00","1021","1443"
"What CAD/CAM Can Do For You","2020-05-15 12:00:00","1063","1545"
"Marketing Automation for Manufacturers","2020-05-01 11:18:17","1379","1883"
"Automating Aerospace Manufacturing with FANUC","2020-04-29 11:18:34","1352","1847"
"Connected Workers Keep Operations Moving During COVID-19","2020-04-27 15:37:49","1079","1669"
" Spotlight on Welding with AWS","2020-04-24 00:39:17","1146","1627"
"The Evolution of Metrology for Manufacturing","2020-04-22 11:51:25","1404","1915"
"COVID-19’s Impact on Reshoring and the Supply Chain","2020-04-21 12:09:23","1323","1836"
"Creating A Competitive Edge Through Customer Experience(CX)","2020-04-17 13:03:55","1117","1627"
"Optimal Machining Concepts For Aerospace -- Program The Part Not The Machine","2020-04-10 13:00:00","1293","1826"
"Additive Assumes Leading Role in Aerospace Manufacturing","2020-04-06 14:10:57","1237","1742"
"Digging Deeper into Additive Manufacturing -COVID-19 and more","2020-04-03 13:01:59","1234","1745"
"What Supply Chain Players Are Learning From The Pandemic","2020-03-31 10:58:59","1280","1767"
"Navigating New Automation Strategies in Aerospace Manufacturing","2020-03-30 10:47:39","1198","1692"
"Integrating Measurement and Inspection in Aerospace Manufacturing","2020-03-27 12:17:25","1234","1734"
"J.H. ""Jud"" Hall Composites Manufacturing Award Winner Talks Industry","2020-03-25 14:40:20","1200","1682"
"Pivot International CEO on Ways to Alleviate Global Trade Tension","2020-02-19 15:06:23","1614","2349"
"The 21st Century Toolroom","2020-02-17 20:08:27","1592","2104"
"SME Media Editors Track the Latest Manufacturing  Trends","2020-02-07 15:09:13","1655","2209"
"The Growing Use of Additive Manufacturing in Medical","2020-02-05 13:46:14","1664","2227"
"The Gears Have It","2020-01-24 18:02:56","1679","2240"
"Advanced High Strength Steels and the Impact on Coil Processing Equipment","2020-01-20 11:59:42","1700","2247"
"New Developments from MakerBot","2020-01-17 13:56:11","1701","2263"
"Holding Tight and Going Digital with BIG Kaiser","2020-01-15 14:25:38","1796","2339"
"In-Depth On Custom Automation","2020-01-13 13:32:41","1820","2385"
"Boosting Profits and Making Manufacturing Smarter","2020-01-10 17:03:38","1805","2579"
"Better, Stronger, Faster Manufacturing","2020-01-08 11:00:00","1762","2382"
"What Is Manufacturing Velocity? MC Machinery App Manager Explains","2020-01-06 13:44:14","1709","2223"
"Cobots Now Do Welding","2020-01-03 14:19:32","1832","2464"
"How Monitoring Equipment Improves Stamping Equipment Operations","2019-12-30 15:00:00","1742","2310"
"New Approaches to Digitalization, Automation and Additive Manufacturing","2019-12-27 15:00:00","1860","2444"
"Laser Tube and Sheet Cutting Machines That Plug into a Wall Outlet","2019-12-23 15:00:00","1789","2395"
" How Does FFF Metal Printing Differ From DMLS?","2019-12-20 14:38:21","1848","2389"
"Examining Advances in Lubrication Technology","2019-12-18 17:22:35","1866","2421"
"How Online Purchasing is Revolutionizing the Business-to-Business Market","2019-12-16 15:47:50","1930","2558"
"Tools to Reduce Time and Money","2019-12-13 15:00:00","1932","2484"
"The New Imperative: Improving Operations Through Industry 4.0","2019-12-11 17:55:25","2141","2917"
"Automation and Collaborative Robots and Manufacturing, Oh My!","2019-12-09 13:25:57","672","770"
"Ditching Hydraulics and Going Servo","2019-12-06 17:17:53","738","841"
"Training, Attracting and Retaining Skilled Manufacturing Workers","2019-12-04 21:17:20","682","757"
"The Lowdown on Going Robotic","2019-11-25 18:45:00","2114","2781"
"Going Beyond Chip Making: Saving Time","2019-11-22 15:47:58","731","807"
"Tackling Downtime and Inefficiencies with Software","2019-11-20 15:00:00","700","815"
"Using Advanced Cutting Tool Technology to Improve Productivity","2019-11-13 15:00:00","751","850"
"Tracking the Changes in Industrial 3D Printing","2019-11-11 14:59:36","708","786"
"Building a Multigenerational Manufacturing Workforce","2019-11-08 15:00:00","719","810"
"Learning Additive Manufacturing At Purdue University","2019-11-06 16:51:50","670","739"
"Velo3D Exec on Releasing Parts From the Build Plate","2019-11-01 16:00:00","589","661"
"Analyzing Machine Data for Process Improvement","2019-10-30 14:11:24","629","722"
"How Does LK Metrology Stand Out From Competition?","2019-10-28 17:43:21","497","564"
"What EMAG Showed at Westec 2019","2019-10-23 13:46:00","472","532"
"How Zoller Implements Tool-Management Solutions","2019-10-18 14:00:58","510","570"
"The Roles of STEM Education in Taking On the Skills Gap","2019-10-16 14:00:00","608","670"
"What is Changing at Beamer Laser Marking System","2019-10-14 14:00:00","455","523"
"Learning Best Practices Of Metal-Based Additive Manufacturing With Stratasys Direct","2019-10-09 14:00:00","545","622"
"The Role of Optimization Software in Manufacturing Operations","2019-10-07 14:00:00","493","562"
"Improving The Quality Of Printed Parts With Velo3d","2019-09-24 14:58:42","411","467"
"Learning how To Optimize Energy Management With Fluke","2019-09-12 20:22:01","372","422"
"SME President Reflects On Career And Manufacturing’s Future","2019-09-10 17:28:03","350","407"
"Pictures to the Rescue: Problem Solving with Fluke","2019-08-27 18:40:09","408","473"
"Upgrading the Manufacturing Path","2019-08-23 15:40:10","373","433"
"Boosting Sales with Proactive Relationship Management","2019-08-09 14:05:36","400","453"
"Maximizing Metal Additive Manufacturing with In-Process Quality Inspection","2019-07-25 19:53:04","362","434"
"How Changes in Manufacturing Operations Lead to Changes in Tooling","2019-07-02 14:19:56","307","375"
"On-Demand Manufacturing for All","2019-06-27 13:59:37","302","365"
"Tackling Employee Turnover","2019-06-25 20:51:14","323","382"
"The Real Story Behind Robotics in Manufacturing","2019-06-23 20:00:32","321","378"
"The Advantages of Using the Latest Technology for Presetters and Tooling","2019-06-23 19:46:21","264","313"
"How Metalworking Fluids Can Be a Strategic Advantage for Machine Shops","2019-06-06 21:14:06","291","363"
"The Advantages for Manufacturers of Outsourcing Marketing Operations","2019-06-06 19:01:52","265","327"
"How Employees’ Finances Affect Manufacturing Businesses","2019-06-06 18:44:40","259","340"
"The Role of Measurement Systems in the Manufacturing Process","2019-05-23 18:50:57","276","334"
"The Key Role of Post Processing in CAD/CAM Software","2019-05-23 18:37:30","304","368"
"Crowd-sourcing Manufacturing for the 21st Century","2019-05-10 14:03:01","262","315"
"Ascent product manager outlines innovations in composite mold tooling","2019-05-09 21:36:50","235","288"
"124-year-old Lincoln Electric dives into additive","2019-05-08 20:45:43","274","334"
"Siemens exec lays out value of digitization","2019-05-06 19:45:36","244","302"
"Suhner exec reviews firm’s robot tools, composites work","2019-05-06 19:31:43","234","283"
"Barnych details IoT demo project based on open standards","2019-05-06 18:43:41","234","286"
"The skinny on 3D scanning, from a Creaform exec","2019-05-06 17:59:52","246","323"
"Better Chips: Machine Tool Automation (Hint: It’s not Robots)","2019-03-19 13:15:21","226","278"
"PERSONALIZE PRODUCTS? SWITCH PRODUCT FORMATS IN 15 MINUTES? IT’S HAPPENING AT L’ORÉAL","2019-01-15 19:29:03","1512","2053"
"The Growing Level of Automation in Fabricating Operations","2018-12-19 00:07:01","196","249"
"Using Manufacturing Analytics to Drive Decision Making","2018-12-17 18:05:25","234","298"
"Tackling Overall Equipment Effectiveness: Cutting Downtime, Boosting Returns","2018-12-07 18:05:30","267","323"
"Strengthening Your Operations, and Workforce, with Robotics","2018-12-03 19:48:12","193","254"
"SME President Reflects on 2018 and Manufacturing’s Future","2018-11-29 21:03:31","164","233"
"The Growing Skills Gap and How Manufacturers Can Close It","2018-11-19 03:25:15","196","243"
"The Ins and Outs of Robotic Machine Tool Tending","2018-11-19 02:46:18","163","224"
"Making Sense of Job Shop Automation","2018-11-12 17:18:16","181","220"
"The Cloud Brings Data, People and Machines Together","2018-10-25 16:00:14","144","191"
"THE VALUE OF PARTNERSHIPS IN CAD/CAM SOFTWARE AND THE METALWORKING INDUSTRY","2018-10-24 19:55:26","146","190"
"Zeiss Metrology Connects with Students at IMTS 2018, Discusses How Cool a Manufacturing Career Can Be","2018-10-24 18:00:49","155","199"
"FASTEMS PRESIDENT TALKS ABOUT USING AUTOMATION, INDUSTRY 4.0 TO OVERCOME LABOR SHORTAGES","2018-10-22 13:31:06","144","186"
"HAIMER DISCUSSES ISSUES RELATED TO INDUSTRY 4.0","2018-10-19 16:21:43","146","193"
"NC3 Promotes Manufacturing Training, Educational Partnerships","2018-10-19 12:00:32","141","182"
"MACHINE TOOL BUILDER OKUMA TALKS ABOUT HOW TO AUTOMATE THE FACTORY FLOOR","2018-10-15 21:13:09","144","189"
"TAPMATIC DISCUSSES TAPPING INDUSTRY, TAP HOLDERS","2018-10-15 20:48:56","160","216"
"Italian Manufacturers Connect with North America via the Italian Trade Agency","2018-10-10 09:00:57","145","199"
"Not Just for Phones: Bluetooth Drives Industrial Productivity","2018-10-05 18:09:29","138","179"
"How Manufacturing Companies Can Benefit from Helping Employees Get a Grip on Financial Issues","2018-10-02 18:48:43","134","177"
"One way Industry 4.0 is gaining traction in Michigan","2018-09-18 22:51:41","127","175"
"SME Rundown at IMTS, Day One: Sandi Bouckley, SME","2018-09-11 13:46:00","138","191"
"How AI, Computer Programs Like Watson Will Advance Manufacturers Forward","2018-08-28 21:51:29","135","180"
"Smoothing the Transition From 3-Axis to 5-Axis Machining","2018-07-06 14:50:33","340","391"
"Africa as the ‘Next Growth Miracle’","2018-06-28 19:06:42","117","161"
"‘Edge Computing’ Has Manufacturers on the Verge of Something Big","2018-06-22 15:03:06","127","167"
"New 5ME software targets unplanned downtime, OEE","2018-06-04 00:12:44","121","174"
"The Role of Simulation in Smart Manufacturing","2018-05-31 12:29:54","151","193"
"Paying Attention to Financial Wellness Pays Benefits for Both Employers and Their Employees","2018-05-29 15:46:57","124","168"
"The Future of Additive Manufacturing","2018-05-24 18:10:35","133","177"
"Smart Technologies Change How Parts are Designed, Programmed and Manufactured","2018-05-22 19:48:59","126","169"
"ACIETA EXECUTIVE DISCUSSES ‘WELDING LABOR CRISIS’","2018-05-11 17:36:21","104","151"
"AUTODESK DISCUSSES SOFTWARE, DESIGN AND SIMULATION IN ADDITIVE MANUFACTURING","2018-05-08 17:45:36","108","167"
"How Vent Buddy Came to Be","2018-05-07 22:47:40","94","169"
"Award-Winning Puppet Maker Shares 3D Printing Insights","2018-05-07 22:29:46","102","145"
"At AM Show, Grieves Explains ITEAM Consortium in Detail","2018-05-07 21:41:34","99","139"
"Binc, Extrude Hone debut new product at RAPID + TCT","2018-05-07 20:52:21","91","130"
"GE Additive Exec Details AddWorks as It Comes to Market","2018-05-03 17:38:04","98","142"
"SIEMENS EXECUTIVE DISCUSSES ADDITIVE MANUFACTURING AT RAPID SHOW","2018-05-02 20:23:00","104","164"
"Student Poster Challenge Winner Details Her Work","2018-04-09 23:04:51","86","128"
"Why Apprenticeships Matter So Much, and Progress in the U.S.","2018-04-09 22:52:54","108","152"
"Martinez Drills Down on Siemens’ Changing CNC Strategy, Comau Partnership","2018-04-09 22:41:32","100","147"
"Responding to Market Needs, Suhner Debuts STACKmaster","2018-04-09 22:17:25","94","143"
"EMAG USA CEO looks at new drivers in firm’s A&D business model","2018-04-09 21:07:59","126","172"
"A deep dive on Ingersoll Rand QXN tools","2018-04-09 13:04:21","109","152"
"UBM Discusses Trends, Technology, Challenges in Medical Device Industry","2018-04-05 19:53:59","99","135"
"UBM Discusses Impact of Internet of Things, Artificial Intelligence on Engineering Jobs","2018-04-05 14:07:10","91","144"
"Manufacturers Embrace the Cloud","2018-03-14 20:13:01","92","130"
"Ripple effects from ‘deep learning,’ AVs to be felt far and wide","2018-02-21 22:23:20","91","124"
"MOBSTEEL OWNERS DISCUSS DEVELOPING NEW BUSINESSES","2018-02-16 20:33:51","87","125"
"JEEP EXECUTIVE ON HOW UPDATED CHEROKEE IS LIGHTER BUT NO ‘LIGHTWEIGHT’","2018-02-08 15:13:52","80","117"
"SKILLS GAP PROVES PROBLEMATIC FOR  AUTO SUPPLIER GROWTH","2018-02-08 15:07:09","77","117"
"OPPORTUNITY AWAITS SMALL MANUFACTURERS ADEPT AT MAKING QUALITY AFTERMARKET AUTO PARTS","2018-02-08 15:00:05","85","124"
"SIEMENS PLM HELPS SUPPLIERS COPE WITH VEHICLE ELECTRIFICATION, AUTONOMY","2018-02-08 14:52:48","103","151"
"P3’S GHOSH ADDRESSES COMMON PITFALLS IN SMART MANUFACTURING","2018-02-07 20:26:05","73","117"
"MAGNETI MARELLI AUTOMOTIVE LIGHTING’S ‘SMART CORNER’ DESCRIBED IN DETAIL","2018-02-07 20:10:26","101","148"
"WHAT VEHICLE INTERIORS WILL LOOK AND FEEL LIKE IN THE FUTURE","2018-02-07 19:57:40","78","115"
"NAIAS CHAIRMAN GIVES DEETS ON AUTOMOBILI-D","2018-02-07 19:36:38","78","113"
"ALL-NEW RAM 1500: WORK NEEDED TO MAKE TRUCK A REALITY","2018-02-07 19:10:29","89","133"
"AMERICA MAKES: A PROGRESS REPORT","2018-02-07 19:03:11","77","122"
"Carrying a Torch for Opportunity and Equality in Manufacturing","2018-02-07 18:57:23","85","131"
"THE MAN CHARGED WITH LAUNCHING DASSAULT INTO NEW ORBITS","2018-02-07 18:51:32","79","115"
"HBPO NORTH AMERICA PRESIDENT DESCRIBES COMPANY PRODUCTS","2018-01-31 21:16:08","81","121"
"CHASSIS BRAKES EXECUTIVE TALKS ABOUT ADDING NORTH AMERICAN PRODUCTION","2018-01-31 21:02:26","75","116"
"FREUDENBERG NA PRESIDENT DISCUSSES COMPANY’S AUTOMOTIVE PRODUCTS","2018-01-31 20:38:19","85","132"
"NEXTEER’S HOEG DESCRIBES COMPANY’S DIGITAL TRACE MANUFACTURING SYSTEM","2018-01-31 20:20:10","111","158"
"NEXTEER’S ZURASKI DISCUSSES AUTONOMOUS DRIVING TECHNOLOGY","2018-01-31 20:01:27","81","128"
"SMDI’S JODY HALL TALKS ABOUT HIGH-STRENGTH STEEL’S ROLE IN LIGHTWEIGHTING","2018-01-31 19:19:38","85","130"
"COX AUTOMOTIVE ECONOMIST ANALYZES AUTO INDUSTRY TRENDS","2018-01-31 18:19:44","86","144"
"ACHATES CEO DISCUSSES NEW ENGINE ON DISPLAY AT DETROIT AUTO SHOW","2018-01-31 18:09:25","85","131"
"FANUC’S AIELLO DISCUSSES COMPANY’S EDUCATIONAL EFFORTS","2018-01-31 17:53:14","76","111"
"BLOOMBERG ANALYST DISCUSSES WHY TRUCKS ARE KING","2018-01-31 17:36:12","81","118"
"How Smart Manufacturing Can Help OEMs and Fabricators","2018-01-31 15:44:39","93","132"
"SME fortifies efforts to get high school students excited about manufacturing","2018-01-05 20:45:06","84","123"
"Preconfigured Robotic Solutions Grow in Importance","2017-12-19 04:04:19","78","120"
"New Technologies for Grinding Rotary Tools and Re-sharpening Saw Blades","2017-12-15 19:24:14","93","137"
"New Ways to Inspect Robotically Welded Parts","2017-12-15 18:09:39","94","133"
"The Importance of Diversity and the Role of Women in the Manufacturing Workforce","2017-12-11 16:15:56","90","149"
"Identifying 3D Printing Opportunities on Your Factory Floor","2017-12-04 20:33:47","87","128"
"Precision Swiss-Style Machines Offer Speed, Accuracy","2017-11-17 17:46:18","85","121"
"Developing Flexible Products for a Diversified Advanced Manufacturing Economy","2017-11-15 22:51:04","88","147"
"In China, Dassault’s Green details work of innovation labs, acknowledges speedy adoption of robots","2017-11-10 07:38:51","79","134"
"Application Engineer at Markforged discusses the benefits of carbon fiber, metal 3D printing technology","2017-11-09 19:41:23","137","181"
"AM specialist at Dassault describes production challenges, lure of materials & a CFD one-two punch","2017-10-20 17:18:51","87","127"
"Promoting US Manufacturing and Building New Constituencies","2017-10-03 19:32:31","89","139"
"CAM Software for a New Generation of Machinists","2017-10-03 19:11:35","103","154"
"Exploring Key Trends in Metrology","2017-09-27 14:56:51","130","170"
"IMPORTANCE OF MANUFACTURING DAY, HOW YOU CAN GET INVOLVED","2017-09-22 14:39:16","74","116"
"A RESURGENCE OF AMERICAN MANUFACTURING","2017-09-22 14:34:42","78","116"
"How SME Promotes Advanced Manufacturing and Helps Develop a Skilled Workforce","2017-09-21 20:34:33","82","124"
"LASER MARKING SOLUTIONS: INNOVATIVE APPLICATION OF TRADITIONAL LASER BEAM","2017-09-21 18:23:24","90","129"
"Verisurf works to make legacy CMMs relevant again","2017-09-19 19:20:54","80","123"
"HOW ELECTRONIC WORK INSTRUCTIONS IMPROVE MANUFACTURING PRODUCTIVITY","2017-09-19 18:47:45","103","151"
"Ways machine shops can better manage tools and tool data","2017-09-19 13:18:03","86","128"
"Separating innovations from hype, and then getting on with the digital transformation","2017-09-19 12:33:57","76","118"
"Think you know what’s causing the skills gap in automotive? Think again.","2017-09-19 12:04:09","94","136"
"Securely on the smart manufacturing path and looking at next phase at P&W","2017-09-18 16:39:59","77","123"
"Rego-Fix: Managing Growth in the Tooling and Workholding Industry","2017-08-03 03:00:26","82","125"
"Meeting the Skills Gap Challenge: Training New Users on Controls for Machine Tools","2017-08-01 15:55:15","93","143"
"Making Metal 3D Printing More Accessible and More Affordable","2017-07-31 23:42:53","86","130"
"A High-Precision Water Jet for the Electronics Industry   ","2017-07-28 12:46:21","88","145"
"Hermle Machine Establishes US Manufacturing Apprenticeship Program","2017-07-21 17:36:52","88","134"
"Hoffmann Group Targets the US Market with new US Subsidiary","2017-07-17 20:01:21","77","129"
"Exploring the Four Pillars of Metalcutting","2017-07-11 21:21:30","105","160"
"Establishing the Link Between Engineering and 3D Manufacturing","2017-07-10 14:08:35","81","135"
"The Philosophy and Application of Data-Driven Manufacturing","2017-07-10 13:56:00","79","133"
"GF Machining Solutions Introduces New Machine Tools","2017-07-07 02:56:50","77","127"
"Award winner talks liquid metal 3D printing","2017-06-26 19:17:16","95","132"
"Selective laser melting expert reviews progress, hints at expansion beyond metal","2017-06-26 19:01:39","95","145"
"BEAMER LASER SYSTEMS DISCUSSES ITS OFFERINGS AT EASTEC","2017-06-16 20:12:56","73","121"
"EXSYS DISCUSSES ITS PRODUCT LINE AT EASTEC SHOW","2017-06-16 20:01:13","78","126"
"VEKTEK DISCUSSES ITS OFFERINGS OF CLAMPING PRODUCTS","2017-06-16 19:48:54","80","126"
"GE’s latest open-innovation concept that speeds up product and technology development","2017-06-15 15:16:21","85","126"
"3DEO DISCUSSES ITS 3D PRINTING TECHNOLOGY","2017-06-12 20:45:27","94","147"
"CGTech prepares to sell Vericut additive module","2017-05-23 18:53:29","83","131"
"Stratasys introduces Continuous-Build 3D Demonstrator, a mass-customization play","2017-05-23 15:05:46","86","142"
"Autodesk’s Approach to Additive Manufacturing Software","2017-05-22 20:51:56","92","151"
"METHODS MACHINE TOOLS DISCUSSES ITS 3D PRINTING STRATEGY","2017-05-19 15:26:56","85","136"
"Rockwell Automation counts all the ways digital ‘journey’ has paid off","2017-05-17 21:15:42","90","178"
"Coming product from SLM Solutions Software aimed at streamlining AM workflow","2017-05-11 15:23:39","79","124"
"The Power of 3D Modeling and Simulation Spurs Manufacturing Process Innovations","2017-05-01 19:17:02","114","154"
"Tooling U-SME Prepares to Unveil Additive Certification","2017-04-19 22:36:44","94","143"
"Everything you ever wanted to know about CELDi","2017-04-13 19:32:53","81","121"
"Total Workforce Approach Helps Employers Recruit, Retrain, and Retain Young Talent","2017-03-31 16:04:29","81","125"
"SLM Solutions exec weighs in on important AM market trends","2017-03-16 23:08:45","81","126"
"The Role of Small Manufacturers in Aerospace","2017-03-16 17:33:53","100","140"
"New machine from EnvisionTEC promises big time savings","2017-03-16 15:47:44","85","126"
"Using Robotics to Cope with the Shortage of Welders","2017-03-15 13:53:25","95","134"
"How to set off on the smart manufacturing journey","2017-03-15 04:25:03","106","151"
"The skinny on the new NASA-SME partnership","2017-03-15 03:54:22","73","115"
"Sizing Up the Platform Market for the Internet of Things","2017-03-13 21:58:22","91","133"
"5ME exec tells all about cryogenic machining","2017-03-13 21:22:01","82","120"
"Designing for AM, and the challenges in designing with composites","2017-03-03 18:32:22","103","148"
"Globetrotter Bids Adieu to ‘The Age of Dirty Growth’","2017-02-09 18:47:50","84","129"
"How Traditional Manufacturers Can Add Additive Capabilities","2017-02-06 20:17:29","112","161"
"The Benefits of Tube Lasers for Punching, Sawing and Milling","2017-02-03 17:42:07","100","143"
"New Developments Improve Metal Finishing Productivity","2017-01-30 17:50:10","112","158"
"Navigating Changes in the Fabrication Industry","2017-01-26 15:16:09","121","162"
"Exploring Key Developments in Process Cooling","2017-01-23 20:19:15","102","149"
"Emerging Trends in the Punch Press and Press Brake Tooling Market","2017-01-20 20:19:39","117","173"
"How Fabricators Can Successfully Process High-Strength Steels","2017-01-09 20:22:56","123","168"
"Why Industry 4.0 is Not Just for Big Manufacturers","2017-01-05 20:25:25","258","309"
"How the IOT is Changing Robotic Manufacturing","2017-01-03 20:25:30","108","161"
"Worker-Friendly Cobots Take their Place on Production Lines","2016-12-20 20:27:22","98","143"
"How Press Shops Can Improve Uptime and Implement the IIOT","2016-12-14 20:28:51","100","162"
"Creating the Manufacturing Workforce of the Future","2016-12-12 20:30:04","114","166"
"New Technology, IIOT Drive Big Changes in Robotic Welding","2016-12-07 20:33:36","109","157"
"Industrie 4.0, as Seen From Ground Zero","2016-12-02 20:36:24","126","185"
"Online Education at MIT:  Models and Methods to Manage Complex Systems","2016-11-23 20:39:06","107","158"
"Carl Dekker Explains Student Design Contest, Focus on Mobility","2016-10-12 20:42:01","89","131"
"Who Can Benefit Most from Nov. 9 Digital Transformation Seminar?","2016-10-10 20:43:08","95","147"
"Manufacturing USA Advancing Manufacturing and Increasing Competitiveness in the US","2016-10-04 20:59:15","113","153"
"Plex Systems Discuss Smart Manufacturing and the Connected Factory","2016-10-03 21:01:21","115","169"
"IMTS 2016: Zeiss Industrial Metrology Discuss Market Trends and the Big Show","2016-08-12 21:12:03","108","157"
"Executive Discusses XJet’s Liquid Metal 3D Printer","2016-08-12 21:10:45","106","160"
"Fujitsu Glovia Discusses Upcoming Industry Trends and IMTS 2016","2016-08-10 21:14:15","101","152"
"Hydromat Discusses IMTS 2016","2016-07-26 21:16:23","105","164"
"How PTC is Helping to Drive Industry 4.0","2016-07-05 21:17:33","133","177"
"MFG DAY: Changing Perceptions About Manufacturing","2016-05-31 21:18:39","116","155"
"RAPID 2016: EnvisionTEC launches Industrial Grade Composites Printer","2016-05-17 21:20:58","123","191"
"Former Ford Executive: The Digital Transformation in Manufacturing","2016-05-10 21:22:55","168","216"
"Profiling & Connecting Equipment, People Worldwide","2016-04-17 21:24:11","136","176"
"The SME Education Foundation: Rebuilding the Workforce Pipeline","2016-04-11 21:31:59","145","197"
"How Digital Technologies are Driving a New Era of Productivity","2016-04-11 21:30:13","186","233"
"What is MTConnect and Why You Need to Know","2016-04-11 21:28:34","189","239"
"Where Does The American Machine Tool Industry Stand Today?","2016-04-11 21:25:34","236","281"
"How is ToolingU-SME Helping Develop the Manufacturing Workforce?","2016-02-28 21:34:05","248","299"
"How Clean is the Air in Your Manufacturing Facility?","2016-02-28 21:32:56","324","370"
"How Manufacturing Technology is Changing Today","2015-06-14 21:34:58","457","516"