"Total","IAB Downloads","Unique Downloads"
,"316319","387237"
"Daily Downloads",,
"2026-08-05","25","25"
"2026-08-04","31","31"
"2026-08-03","44","45"
"2026-08-02","109","109"
"2026-08-01","108","108"
"2026-07-31","187","189"
"2026-07-30","164","167"
"2026-07-29","100","108"
"2026-07-28","126","128"
"2026-07-27","49","316"
"2026-07-26","22","22"
"2026-07-25","36","36"
"2026-07-24","61","61"
"2026-07-23","89","95"
"2026-07-22","63","63"
"2026-07-21","31","31"
"2026-07-20","89","90"
"2026-07-19","196","196"
"2026-07-18","74","76"
"2026-07-17","133","135"
"2026-07-16","32","32"
"2026-07-15","58","58"
"2026-07-14","500","519"
"2026-07-13","279","279"
"2026-07-12","33","33"
"2026-07-11","52","53"
"2026-07-10","53","55"
"2026-07-09","294","297"
"2026-07-08","298","301"
"2026-07-07","73","73"
"2026-07-06","73","76"
"2026-07-05","33","33"
"2026-07-04","37","37"
"2026-07-03","56","56"
"2026-07-02","306","309"
"2026-07-01","228","229"
"2026-06-30","880","881"
"2026-06-29","215","218"
"2026-06-28","32","33"
"2026-06-27","208","209"
"2026-06-26","236","238"
"2026-06-25","468","471"
"2026-06-24","255","255"
"2026-06-23","25","25"
"2026-06-22","42","42"
"2026-06-21","78","79"
"2026-06-20","54","65"
"2026-06-19","283","310"
"2026-06-18","116","117"
"2026-06-17","51","51"
"2026-06-16","70","71"
"2026-06-15","16","16"
"2026-06-14","13","14"
"2026-06-13","75","75"
"2026-06-12","35","36"
"2026-06-11","23","25"
"2026-06-10","19","19"
"2026-06-09","35","35"
"2026-06-08","44","44"
"2026-06-07","643","645"
"2026-06-06","32","32"
"2026-06-05","90","90"
"2026-06-04","125","127"
"2026-06-03","110","116"
"2026-06-02","134","139"
"2026-06-01","112","115"
"2026-05-31","12","15"
"2026-05-30","24","27"
"2026-05-29","45","49"
"2026-05-28","93","96"
"2026-05-27","31","32"
"2026-05-26","52","54"
"2026-05-25","48","50"
"2026-05-24","48","51"
"2026-05-23","25","26"
"2026-05-22","75","76"
"2026-05-21","148","153"
"2026-05-20","142","149"
"2026-05-19","734","736"
"2026-05-18","39","44"
"2026-05-17","44","46"
"2026-05-16","31","33"
"2026-05-15","102","106"
"2026-05-14","133","138"
"2026-05-13","155","161"
"2026-05-12","163","166"
"2026-05-11","64","67"
"2026-05-10","28","32"
"2026-05-09","52","56"
"2026-05-08","48","50"
"2026-05-07","129","134"
"2026-05-06","119","126"
"2026-05-05","102","105"
"2026-05-04","51","54"
"2026-05-03","36","38"
"2026-05-02","68","69"
"2026-05-01","141","144"
"2026-04-30","238","244"
"2026-04-29","120","124"
"2026-04-28","279","288"
"2026-04-27","160","163"
"2026-04-26","148","151"
"2026-04-25","168","169"
"2026-04-24","198","199"
"2026-04-23","968","975"
"2026-04-22","256","264"
"2026-04-21","151","159"
"2026-04-20","105","126"
"2026-04-19","22","24"
"2026-04-18","69","72"
"2026-04-17","66","72"
"2026-04-16","193","205"
"2026-04-15","95","101"
"2026-04-14","281","296"
"2026-04-13","164","173"
"2026-04-12","164","176"
"2026-04-11","143","153"
"2026-04-10","172","177"
"2026-04-09","308","327"
"2026-04-08","227","239"
"2026-04-07","254","267"
"2026-04-06","85","90"
"2026-04-05","28","31"
"2026-04-04","66","71"
"2026-04-03","59","60"
"2026-04-02","174","179"
"2026-04-01","154","161"
"2026-03-31","74","77"
"2026-03-30","158","164"
"2026-03-29","64","66"
"2026-03-28","48","50"
"2026-03-27","95","99"
"2026-03-26","176","183"
"2026-03-25","150","158"
"2026-03-24","147","149"
"2026-03-23","46","48"
"2026-03-22","40","43"
"2026-03-21","34","35"
"2026-03-20","666","671"
"2026-03-19","199","205"
"2026-03-18","142","147"
"2026-03-17","44","48"
"2026-03-16","44","45"
"2026-03-15","48","52"
"2026-03-14","51","53"
"2026-03-13","102","106"
"2026-03-12","140","143"
"2026-03-11","164","167"
"2026-03-10","172","275"
"2026-03-09","50","54"
"2026-03-08","55","58"
"2026-03-07","41","44"
"2026-03-06","68","69"
"2026-03-05","1177","1401"
"2026-03-04","158","164"
"2026-03-03","160","164"
"2026-03-02","47","54"
"2026-03-01","52","55"
"2026-02-28","51","52"
"2026-02-27","112","116"
"2026-02-26","164","170"
"2026-02-25","190","197"
"2026-02-24","180","188"
"2026-02-23","41","45"
"2026-02-22","21","24"
"2026-02-21","55","56"
"2026-02-20","67","75"
"2026-02-19","235","239"
"2026-02-18","133","140"
"2026-02-17","162","164"
"2026-02-16","37","40"
"2026-02-15","36","38"
"2026-02-14","167","172"
"2026-02-13","189","192"
"2026-02-12","131","134"
"2026-02-11","149","153"
"2026-02-10","169","172"
"2026-02-09","42","45"
"2026-02-08","26","27"
"2026-02-07","29","30"
"2026-02-06","102","105"
"2026-02-05","248","251"
"2026-02-04","172","177"
"2026-02-03","164","167"
"2026-02-02","41","43"
"2026-02-01","51","54"
"2026-01-31","234","237"
"2026-01-30","86","90"
"2026-01-29","167","172"
"2026-01-28","78","82"
"2026-01-27","183","187"
"2026-01-26","51","54"
"2026-01-25","41","44"
"2026-01-24","35","36"
"2026-01-23","85","89"
"2026-01-22","219","224"
"2026-01-21","192","198"
"2026-01-20","206","211"
"2026-01-19","42","43"
"2026-01-18","109","112"
"2026-01-17","30","33"
"2026-01-16","101","105"
"2026-01-15","178","182"
"2026-01-14","88","94"
"2026-01-13","178","180"
"2026-01-12","65","68"
"2026-01-11","15","17"
"2026-01-10","26","28"
"2026-01-09","28","29"
"2026-01-08","34","35"
"2026-01-07","58","63"
"2026-01-06","60","62"
"2026-01-05","37","41"
"2026-01-04","39","40"
"2026-01-03","20","22"
"2026-01-02","45","46"
"2026-01-01","29","30"
"2025-12-31","57","63"
"2025-12-30","143","147"
"2025-12-29","43","45"
"2025-12-28","41","47"
"2025-12-27","46","49"
"2025-12-26","62","66"
"2025-12-25","163","169"
"2025-12-24","239","245"
"2025-12-23","165","170"
"2025-12-22","22","23"
"2025-12-21","29","31"
"2025-12-20","64","68"
"2025-12-19","54","60"
"2025-12-18","152","162"
"2025-12-17","136","141"
"2025-12-16","137","141"
"2025-12-15","52","55"
"2025-12-14","26","29"
"2025-12-13","43","47"
"2025-12-12","123","128"
"2025-12-11","217","220"
"2025-12-10","106","111"
"2025-12-09","134","139"
"2025-12-08","44","47"
"2025-12-07","17","19"
"2025-12-06","40","41"
"2025-12-05","74","77"
"2025-12-04","78","89"
"2025-12-03","57","67"
"2025-12-02","137","139"
"2025-12-01","40","42"
"2025-11-30","14","16"
"2025-11-29","25","28"
"2025-11-28","29","30"
"2025-11-27","49","50"
"2025-11-26","133","140"
"2025-11-25","127","133"
"2025-11-24","30","32"
"2025-11-23","29","32"
"2025-11-22","36","36"
"2025-11-21","63","64"
"2025-11-20","196","202"
"2025-11-19","127","133"
"2025-11-18","121","127"
"2025-11-17","33","38"
"2025-11-16","33","35"
"2025-11-15","63","64"
"2025-11-14","271","276"
"2025-11-13","156","162"
"2025-11-12","160","167"
"2025-11-11","123","127"
"2025-11-10","38","40"
"2025-11-09","25","28"
"2025-11-08","32","34"
"2025-11-07","53","55"
"2025-11-06","40","42"
"2025-11-05","68","72"
"2025-11-04","134","136"
"2025-11-03","45","47"
"2025-11-02","33","37"
"2025-11-01","58","59"
"2025-10-31","52","54"
"2025-10-30","84","91"
"2025-10-29","245","336"
"2025-10-28","280","287"
"2025-10-27","243","248"
"2025-10-26","27","30"
"2025-10-25","27","29"
"2025-10-24","39","40"
"2025-10-23","60","62"
"2025-10-22","87","92"
"2025-10-21","144","146"
"2025-10-20","46","51"
"2025-10-19","49","52"
"2025-10-18","54","55"
"2025-10-17","83","95"
"2025-10-16","182","196"
"2025-10-15","132","135"
"2025-10-14","315","319"
"2025-10-13","72","74"
"2025-10-12","29","30"
"2025-10-11","27","28"
"2025-10-10","690","694"
"2025-10-09","188","195"
"2025-10-08","189","194"
"2025-10-07","97","101"
"2025-10-06","239","242"
"2025-10-05","22","29"
"2025-10-04","43","46"
"2025-10-03","79","82"
"2025-10-02","149","152"
"2025-10-01","41","42"
"2025-09-30","45","47"
"2025-09-29","61","62"
"2025-09-28","95","97"
"2025-09-27","28","31"
"2025-09-26","43","44"
"2025-09-25","1278","1298"
"2025-09-24","151","158"
"2025-09-23","218","222"
"2025-09-22","104","110"
"2025-09-21","23","23"
"2025-09-20","27","27"
"2025-09-19","40","40"
"2025-09-18","46","48"
"2025-09-17","90","91"
"2025-09-16","141","142"
"2025-09-15","26","27"
"2025-09-14","20","21"
"2025-09-13","32","32"
"2025-09-12","56","56"
"2025-09-11","118","125"
"2025-09-10","127","127"
"2025-09-09","49","49"
"2025-09-08","37","37"
"2025-09-07","44","45"
"2025-09-06","32","32"
"2025-09-05","34","38"
"2025-09-04","44","44"
"2025-09-03","81","81"
"2025-09-02","176","179"
"2025-09-01","45","45"
"2025-08-31","42","42"
"2025-08-30","31","31"
"2025-08-29","41","42"
"2025-08-28","59","59"
"2025-08-27","80","81"
"2025-08-26","114","116"
"2025-08-25","39","40"
"2025-08-24","25","27"
"2025-08-23","20","21"
"2025-08-22","62","63"
"2025-08-21","89","91"
"2025-08-20","133","138"
"2025-08-19","193","198"
"2025-08-18","39","41"
"2025-08-17","21","22"
"2025-08-16","26","28"
"2025-08-15","134","149"
"2025-08-14","77","85"
"2025-08-13","74","76"
"2025-08-12","146","152"
"2025-08-11","41","43"
"2025-08-10","52","53"
"2025-08-09","26","28"
"2025-08-08","31","32"
"2025-08-07","51","53"
"2025-08-06","73","75"
"2025-08-05","147","152"
"2025-08-04","42","44"
"2025-08-03","24","26"
"2025-08-02","28","29"
"2025-08-01","31","32"
"2025-07-31","61","62"
"2025-07-30","48","51"
"2025-07-29","155","158"
"2025-07-28","64","66"
"2025-07-27","27","29"
"2025-07-26","22","23"
"2025-07-25","30","31"
"2025-07-24","50","52"
"2025-07-23","71","81"
"2025-07-22","135","140"
"2025-07-21","43","45"
"2025-07-20","21","22"
"2025-07-19","15","16"
"2025-07-18","37","39"
"2025-07-17","39","41"
"2025-07-16","139","142"
"2025-07-15","174","177"
"2025-07-14","89","90"
"2025-07-13","69","70"
"2025-07-12","11","12"
"2025-07-11","45","47"
"2025-07-10","52","54"
"2025-07-09","71","74"
"2025-07-08","143","145"
"2025-07-07","32","35"
"2025-07-06","39","40"
"2025-07-05","30","35"
"2025-07-04","46","49"
"2025-07-03","59","82"
"2025-07-02","55","111"
"2025-07-01","140","141"
"2025-06-30","33","35"
"2025-06-29","38","39"
"2025-06-28","24","25"
"2025-06-27","26","28"
"2025-06-26","38","39"
"2025-06-25","54","56"
"2025-06-24","141","144"
"2025-06-23","43","46"
"2025-06-22","22","22"
"2025-06-21","25","25"
"2025-06-20","44","44"
"2025-06-19","47","47"
"2025-06-18","51","53"
"2025-06-17","157","159"
"2025-06-16","50","50"
"2025-06-15","48","48"
"2025-06-14","132","132"
"2025-06-13","75","75"
"2025-06-12","63","63"
"2025-06-11","130","130"
"2025-06-10","147","149"
"2025-06-09","108","110"
"2025-06-08","136","137"
"2025-06-07","114","114"
"2025-06-06","88","88"
"2025-06-05","117","117"
"2025-06-04","112","112"
"2025-06-03","178","181"
"2025-06-02","122","128"
"2025-06-01","67","68"
"2025-05-31","47","48"
"2025-05-30","96","97"
"2025-05-29","185","189"
"2025-05-28","261","271"
"2025-05-27","88","88"
"2025-05-26","50","50"
"2025-05-25","206","247"
"2025-05-24","59","60"
"2025-05-23","166","167"
"2025-05-22","74","75"
"2025-05-21","73","73"
"2025-05-20","168","169"
"2025-05-19","66","66"
"2025-05-18","39","39"
"2025-05-17","56","56"
"2025-05-16","152","153"
"2025-05-15","53","53"
"2025-05-14","79","79"
"2025-05-13","146","147"
"2025-05-12","190","191"
"2025-05-11","303","304"
"2025-05-10","183","185"
"2025-05-09","129","131"
"2025-05-08","64","65"
"2025-05-07","67","67"
"2025-05-06","188","189"
"2025-05-05","48","50"
"2025-05-04","50","50"
"2025-05-03","47","47"
"2025-05-02","132","133"
"2025-05-01","32","32"
"2025-04-30","66","67"
"2025-04-29","144","145"
"2025-04-28","34","34"
"2025-04-27","58","59"
"2025-04-26","47","47"
"2025-04-25","127","128"
"2025-04-24","59","59"
"2025-04-23","48","48"
"2025-04-22","170","173"
"2025-04-21","36","40"
"2025-04-20","48","50"
"2025-04-19","49","51"
"2025-04-18","39","40"
"2025-04-17","128","131"
"2025-04-16","156","161"
"2025-04-15","175","176"
"2025-04-14","73","73"
"2025-04-13","34","34"
"2025-04-12","77","79"
"2025-04-11","218","219"
"2025-04-10","71","72"
"2025-04-09","98","98"
"2025-04-08","164","167"
"2025-04-07","55","55"
"2025-04-06","90","91"
"2025-04-05","96","97"
"2025-04-04","435","437"
"2025-04-03","237","237"
"2025-04-02","79","79"
"2025-04-01","189","192"
"2025-03-31","91","91"
"2025-03-30","54","54"
"2025-03-29","87","88"
"2025-03-28","175","178"
"2025-03-27","121","128"
"2025-03-26","187","190"
"2025-03-25","181","183"
"2025-03-24","78","81"
"2025-03-23","42","42"
"2025-03-22","58","66"
"2025-03-21","167","170"
"2025-03-20","81","81"
"2025-03-19","82","83"
"2025-03-18","183","187"
"2025-03-17","162","162"
"2025-03-16","67","67"
"2025-03-15","49","49"
"2025-03-14","140","141"
"2025-03-13","139","139"
"2025-03-12","150","150"
"2025-03-11","247","249"
"2025-03-10","73","73"
"2025-03-09","52","52"
"2025-03-08","65","66"
"2025-03-07","177","179"
"2025-03-06","68","70"
"2025-03-05","62","63"
"2025-03-04","193","198"
"2025-03-03","48","48"
"2025-03-02","39","39"
"2025-03-01","54","54"
"2025-02-28","60","60"
"2025-02-27","56","57"
"2025-02-26","94","95"
"2025-02-25","186","188"
"2025-02-24","39","40"
"2025-02-23","23","23"
"2025-02-22","34","34"
"2025-02-21","55","56"
"2025-02-20","38","38"
"2025-02-19","92","92"
"2025-02-18","146","148"
"2025-02-17","271","446"
"2025-02-16","204","232"
"2025-02-15","246","247"
"2025-02-14","197","326"
"2025-02-13","98","101"
"2025-02-12","214","220"
"2025-02-11","138","142"
"2025-02-10","30","30"
"2025-02-09","28","28"
"2025-02-08","34","34"
"2025-02-07","60","60"
"2025-02-06","53","53"
"2025-02-05","56","57"
"2025-02-04","142","144"
"2025-02-03","44","44"
"2025-02-02","36","36"
"2025-02-01","40","40"
"2025-01-31","54","54"
"2025-01-30","47","47"
"2025-01-29","58","60"
"2025-01-28","252","254"
"2025-01-27","67","67"
"2025-01-26","18","18"
"2025-01-25","44","44"
"2025-01-24","36","36"
"2025-01-23","47","47"
"2025-01-22","145","153"
"2025-01-21","221","226"
"2025-01-20","39","41"
"2025-01-19","32","32"
"2025-01-18","40","40"
"2025-01-17","60","60"
"2025-01-16","52","53"
"2025-01-15","71","71"
"2025-01-14","186","191"
"2025-01-13","48","50"
"2025-01-12","18","18"
"2025-01-11","23","23"
"2025-01-10","54","54"
"2025-01-09","40","40"
"2025-01-08","82","82"
"2025-01-07","297","298"
"2025-01-06","44","44"
"2025-01-05","27","27"
"2025-01-04","29","29"
"2025-01-03","39","39"
"2025-01-02","28","31"
"2025-01-01","43","44"
"2024-12-31","119","120"
"2024-12-30","25","25"
"2024-12-29","14","14"
"2024-12-28","36","36"
"2024-12-27","33","33"
"2024-12-26","54","54"
"2024-12-25","38","38"
"2024-12-24","58","59"
"2024-12-23","155","158"
"2024-12-22","40","43"
"2024-12-21","39","42"
"2024-12-20","157","160"
"2024-12-19","42","42"
"2024-12-18","71","71"
"2024-12-17","134","136"
"2024-12-16","49","50"
"2024-12-15","29","29"
"2024-12-14","35","35"
"2024-12-13","177","185"
"2024-12-12","122","159"
"2024-12-11","143","146"
"2024-12-10","182","187"
"2024-12-09","44","44"
"2024-12-08","42","42"
"2024-12-07","75","76"
"2024-12-06","151","155"
"2024-12-05","102","102"
"2024-12-04","64","65"
"2024-12-03","252","255"
"2024-12-02","63","63"
"2024-12-01","42","42"
"2024-11-30","60","62"
"2024-11-29","127","130"
"2024-11-28","41","41"
"2024-11-27","61","62"
"2024-11-26","168","173"
"2024-11-25","43","44"
"2024-11-24","38","38"
"2024-11-23","37","37"
"2024-11-22","174","178"
"2024-11-21","80","80"
"2024-11-20","78","79"
"2024-11-19","156","159"
"2024-11-18","65","65"
"2024-11-17","61","62"
"2024-11-16","46","47"
"2024-11-15","180","185"
"2024-11-14","168","173"
"2024-11-13","227","232"
"2024-11-12","174","177"
"2024-11-11","40","40"
"2024-11-10","29","29"
"2024-11-09","53","53"
"2024-11-08","169","174"
"2024-11-07","74","76"
"2024-11-06","129","131"
"2024-11-05","130","131"
"2024-11-04","90","92"
"2024-11-03","15","16"
"2024-11-02","35","36"
"2024-11-01","48","49"
"2024-10-31","108","113"
"2024-10-30","201","210"
"2024-10-29","160","162"
"2024-10-28","64","66"
"2024-10-27","37","40"
"2024-10-26","29","30"
"2024-10-25","44","48"
"2024-10-24","54","57"
"2024-10-23","91","92"
"2024-10-22","180","183"
"2024-10-21","55","55"
"2024-10-20","49","49"
"2024-10-19","31","31"
"2024-10-18","37","37"
"2024-10-17","58","58"
"2024-10-16","102","104"
"2024-10-15","237","243"
"2024-10-14","169","176"
"2024-10-13","58","60"
"2024-10-12","65","65"
"2024-10-11","147","150"
"2024-10-10","87","88"
"2024-10-09","129","130"
"2024-10-08","229","232"
"2024-10-07","80","81"
"2024-10-06","57","57"
"2024-10-05","52","53"
"2024-10-04","151","153"
"2024-10-03","42","46"
"2024-10-02","138","161"
"2024-10-01","158","161"
"2024-09-30","51","52"
"2024-09-29","28","28"
"2024-09-28","48","48"
"2024-09-27","40","40"
"2024-09-26","69","71"
"2024-09-25","108","109"
"2024-09-24","603","606"
"2024-09-23","80","80"
"2024-09-22","48","49"
"2024-09-21","405","507"
"2024-09-20","145","150"
"2024-09-19","66","67"
"2024-09-18","59","59"
"2024-09-17","156","159"
"2024-09-16","28","28"
"2024-09-15","25","29"
"2024-09-14","33","34"
"2024-09-13","32","32"
"2024-09-12","75","75"
"2024-09-11","70","74"
"2024-09-10","155","158"
"2024-09-09","93","94"
"2024-09-08","45","45"
"2024-09-07","108","110"
"2024-09-06","136","140"
"2024-09-05","666","671"
"2024-09-04","93","97"
"2024-09-03","111","112"
"2024-09-02","33","33"
"2024-09-01","34","35"
"2024-08-31","34","34"
"2024-08-30","83","86"
"2024-08-29","112","114"
"2024-08-28","84","84"
"2024-08-27","154","156"
"2024-08-26","50","50"
"2024-08-25","37","38"
"2024-08-24","61","63"
"2024-08-23","160","163"
"2024-08-22","47","48"
"2024-08-21","55","56"
"2024-08-20","160","163"
"2024-08-19","34","35"
"2024-08-18","28","28"
"2024-08-17","38","39"
"2024-08-16","52","52"
"2024-08-15","53","53"
"2024-08-14","80","80"
"2024-08-13","157","160"
"2024-08-12","47","50"
"2024-08-11","24","24"
"2024-08-10","28","28"
"2024-08-09","51","52"
"2024-08-08","79","80"
"2024-08-07","86","192"
"2024-08-06","167","171"
"2024-08-05","48","49"
"2024-08-04","16","16"
"2024-08-03","13","13"
"2024-08-02","40","40"
"2024-08-01","37","37"
"2024-07-31","77","77"
"2024-07-30","203","206"
"2024-07-29","43","44"
"2024-07-28","35","38"
"2024-07-27","45","46"
"2024-07-26","82","85"
"2024-07-25","168","171"
"2024-07-24","90","90"
"2024-07-23","150","153"
"2024-07-22","100","100"
"2024-07-21","52","52"
"2024-07-20","37","37"
"2024-07-19","45","45"
"2024-07-18","132","155"
"2024-07-17","167","167"
"2024-07-16","302","336"
"2024-07-15","68","70"
"2024-07-14","108","111"
"2024-07-13","73","74"
"2024-07-12","81","83"
"2024-07-11","117","119"
"2024-07-10","73","74"
"2024-07-09","174","176"
"2024-07-08","141","142"
"2024-07-07","52","52"
"2024-07-06","14","16"
"2024-07-05","32","65"
"2024-07-04","27","27"
"2024-07-03","79","79"
"2024-07-02","265","268"
"2024-07-01","33","33"
"2024-06-30","124","124"
"2024-06-29","106","106"
"2024-06-28","29","35"
"2024-06-27","36","37"
"2024-06-26","104","105"
"2024-06-25","160","164"
"2024-06-24","34","34"
"2024-06-23","28","28"
"2024-06-22","20","20"
"2024-06-21","26","28"
"2024-06-20","59","59"
"2024-06-19","55","55"
"2024-06-18","184","188"
"2024-06-17","42","44"
"2024-06-16","53","54"
"2024-06-15","25","26"
"2024-06-14","35","37"
"2024-06-13","48","49"
"2024-06-12","116","125"
"2024-06-11","161","166"
"2024-06-10","114","119"
"2024-06-09","50","54"
"2024-06-08","124","130"
"2024-06-07","91","95"
"2024-06-06","137","150"
"2024-06-05","123","125"
"2024-06-04","223","228"
"2024-06-03","21","25"
"2024-06-02","15","16"
"2024-06-01","26","28"
"2024-05-31","43","45"
"2024-05-30","137","139"
"2024-05-29","73","76"
"2024-05-28","63","64"
"2024-05-27","59","62"
"2024-05-26","35","37"
"2024-05-25","84","91"
"2024-05-24","141","143"
"2024-05-23","64","68"
"2024-05-22","88","107"
"2024-05-21","191","197"
"2024-05-20","52","53"
"2024-05-19","35","37"
"2024-05-18","35","36"
"2024-05-17","38","39"
"2024-05-16","65","66"
"2024-05-15","98","101"
"2024-05-14","241","245"
"2024-05-13","53","54"
"2024-05-12","41","42"
"2024-05-11","45","46"
"2024-05-10","59","63"
"2024-05-09","51","53"
"2024-05-08","68","70"
"2024-05-07","85","87"
"2024-05-06","85","86"
"2024-05-05","59","61"
"2024-05-04","104","105"
"2024-05-03","81","82"
"2024-05-02","84","90"
"2024-05-01","130","132"
"2024-04-30","226","230"
"2024-04-29","103","104"
"2024-04-28","102","123"
"2024-04-27","79","80"
"2024-04-26","73","75"
"2024-04-25","73","74"
"2024-04-24","44","46"
"2024-04-23","51","53"
"2024-04-22","98","104"
"2024-04-21","53","54"
"2024-04-20","41","42"
"2024-04-19","169","172"
"2024-04-18","173","191"
"2024-04-17","31","32"
"2024-04-16","48","49"
"2024-04-15","38","39"
"2024-04-14","28","29"
"2024-04-13","23","24"
"2024-04-12","28","29"
"2024-04-11","31","33"
"2024-04-10","40","41"
"2024-04-09","52","54"
"2024-04-08","57","62"
"2024-04-07","41","42"
"2024-04-06","33","34"
"2024-04-05","156","158"
"2024-04-04","272","278"
"2024-04-03","57","59"
"2024-04-02","81","82"
"2024-04-01","42","43"
"2024-03-31","16","18"
"2024-03-30","14","17"
"2024-03-29","24","27"
"2024-03-28","80","82"
"2024-03-27","76","79"
"2024-03-26","71","77"
"2024-03-25","77","78"
"2024-03-24","40","42"
"2024-03-23","52","53"
"2024-03-22","77","79"
"2024-03-21","160","167"
"2024-03-20","599","605"
"2024-03-19","65","67"
"2024-03-18","77","78"
"2024-03-17","43","44"
"2024-03-16","41","42"
"2024-03-15","39","42"
"2024-03-14","86","88"
"2024-03-13","68","70"
"2024-03-12","45","46"
"2024-03-11","63","66"
"2024-03-10","34","37"
"2024-03-09","34","36"
"2024-03-08","70","71"
"2024-03-07","77","79"
"2024-03-06","102","104"
"2024-03-05","217","224"
"2024-03-04","68","70"
"2024-03-03","36","38"
"2024-03-02","26","27"
"2024-03-01","90","91"
"2024-02-29","76","78"
"2024-02-28","102","105"
"2024-02-27","315","319"
"2024-02-26","61","62"
"2024-02-25","67","70"
"2024-02-24","103","104"
"2024-02-23","52","56"
"2024-02-22","78","79"
"2024-02-21","55","56"
"2024-02-20","48","50"
"2024-02-19","44","46"
"2024-02-18","43","44"
"2024-02-17","43","44"
"2024-02-16","41","161"
"2024-02-15","59","61"
"2024-02-14","23","25"
"2024-02-13","46","47"
"2024-02-12","34","35"
"2024-02-11","55","56"
"2024-02-10","100","102"
"2024-02-09","37","39"
"2024-02-08","31","33"
"2024-02-07","56","57"
"2024-02-06","59","67"
"2024-02-05","71","72"
"2024-02-04","169","170"
"2024-02-03","35","36"
"2024-02-02","84","88"
"2024-02-01","59","60"
"2024-01-31","121","128"
"2024-01-30","267","273"
"2024-01-29","60","62"
"2024-01-28","37","38"
"2024-01-27","24","25"
"2024-01-26","30","32"
"2024-01-25","65","66"
"2024-01-24","91","92"
"2024-01-23","101","102"
"2024-01-22","111","113"
"2024-01-21","53","56"
"2024-01-20","31","32"
"2024-01-19","90","91"
"2024-01-18","84","97"
"2024-01-17","102","104"
"2024-01-16","155","158"
"2024-01-15","27","28"
"2024-01-14","29","31"
"2024-01-13","113","191"
"2024-01-12","119","120"
"2024-01-11","64","112"
"2024-01-10","142","151"
"2024-01-09","135","138"
"2024-01-08","23","24"
"2024-01-07","15","17"
"2024-01-06","18","19"
"2024-01-05","28","29"
"2024-01-04","47","50"
"2024-01-03","55","57"
"2024-01-02","38","39"
"2024-01-01","14","15"
"2023-12-31","23","24"
"2023-12-30","22","23"
"2023-12-29","23","25"
"2023-12-28","59","60"
"2023-12-27","21","22"
"2023-12-26","13","15"
"2023-12-25","5","7"
"2023-12-24","27","29"
"2023-12-23","28","29"
"2023-12-22","28","29"
"2023-12-21","102","103"
"2023-12-20","161","164"
"2023-12-19","168","179"
"2023-12-18","46","48"
"2023-12-17","10","12"
"2023-12-16","19","20"
"2023-12-15","29","29"
"2023-12-14","40","42"
"2023-12-13","67","67"
"2023-12-12","37","38"
"2023-12-11","47","47"
"2023-12-10","39","39"
"2023-12-09","49","52"
"2023-12-08","54","57"
"2023-12-07","129","136"
"2023-12-06","94","97"
"2023-12-05","138","140"
"2023-12-04","44","46"
"2023-12-03","29","29"
"2023-12-02","34","34"
"2023-12-01","67","69"
"2023-11-30","40","40"
"2023-11-29","76","77"
"2023-11-28","49","49"
"2023-11-27","47","49"
"2023-11-26","44","46"
"2023-11-25","28","29"
"2023-11-24","48","50"
"2023-11-23","54","55"
"2023-11-22","193","198"
"2023-11-21","255","275"
"2023-11-20","46","50"
"2023-11-19","23","23"
"2023-11-18","148","148"
"2023-11-17","73","73"
"2023-11-16","59","79"
"2023-11-15","119","124"
"2023-11-14","176","178"
"2023-11-13","131","135"
"2023-11-12","93","93"
"2023-11-11","55","55"
"2023-11-10","100","103"
"2023-11-09","77","79"
"2023-11-08","221","230"
"2023-11-07","249","252"
"2023-11-06","72","75"
"2023-11-05","128","129"
"2023-11-04","145","229"
"2023-11-03","327","329"
"2023-11-02","217","226"
"2023-11-01","237","243"
"2023-10-31","244","248"
"2023-10-30","211","223"
"2023-10-29","113","113"
"2023-10-28","51","51"
"2023-10-27","136","138"
"2023-10-26","75","76"
"2023-10-25","96","100"
"2023-10-24","199","207"
"2023-10-23","80","83"
"2023-10-22","54","55"
"2023-10-21","58","66"
"2023-10-20","134","138"
"2023-10-19","194","201"
"2023-10-18","158","167"
"2023-10-17","206","239"
"2023-10-16","74","87"
"2023-10-15","45","67"
"2023-10-14","41","54"
"2023-10-13","58","109"
"2023-10-12","48","65"
"2023-10-11","121","139"
"2023-10-10","170","266"
"2023-10-09","35","83"
"2023-10-08","45","45"
"2023-10-07","125","139"
"2023-10-06","139","206"
"2023-10-05","293","1277"
"2023-10-04","35","49"
"2023-10-03","163","232"
"2023-10-02","81","67"
"2023-10-01","71","108"
"2023-09-30","62","98"
"2023-09-29","29","61"
"2023-09-28","34","38"
"2023-09-27","203","252"
"2023-09-26","46","191"
"2023-09-25","60","64"
"2023-09-24","76","84"
"2023-09-23","8","16"
"2023-09-22","57","73"
"2023-09-21","59","75"
"2023-09-20","27","32"
"2023-09-19","52","60"
"2023-09-18","19","33"
"2023-09-17","19","32"
"2023-09-16","10","23"
"2023-09-15","31","170"
"2023-09-14","29","35"
"2023-09-13","130","135"
"2023-09-12","130","145"
"2023-09-11","147","161"
"2023-09-10","16","19"
"2023-09-09","189","216"
"2023-09-08","132","142"
"2023-09-07","142","151"
"2023-09-06","88","210"
"2023-09-05","95","112"
"2023-09-04","16","29"
"2023-09-03","66","88"
"2023-09-02","118","129"
"2023-09-01","61","73"
"2023-08-31","28","51"
"2023-08-30","44","58"
"2023-08-29","98","233"
"2023-08-28","36","47"
"2023-08-27","37","49"
"2023-08-26","33","51"
"2023-08-25","54","70"
"2023-08-24","128","147"
"2023-08-23","52","112"
"2023-08-22","128","129"
"2023-08-21","163","308"
"2023-08-20","132","172"
"2023-08-19","215","227"
"2023-08-18","602","649"
"2023-08-17","395","439"
"2023-08-16","190","270"
"2023-08-15","50","87"
"2023-08-14","100","183"
"2023-08-13","18","21"
"2023-08-12","56","61"
"2023-08-11","81","84"
"2023-08-10","54","60"
"2023-08-09","101","109"
"2023-08-08","241","278"
"2023-08-07","99","204"
"2023-08-06","65","65"
"2023-08-05","22","22"
"2023-08-04","66","72"
"2023-08-03","41","120"
"2023-08-02","36","56"
"2023-08-01","36","337"
"2023-07-31","42","44"
"2023-07-30","43","47"
"2023-07-29","10","13"
"2023-07-28","52","59"
"2023-07-27","33","38"
"2023-07-26","31","40"
"2023-07-25","30","77"
"2023-07-24","91","135"
"2023-07-23","142","150"
"2023-07-22","31","66"
"2023-07-21","31","141"
"2023-07-20","90","129"
"2023-07-19","147","168"
"2023-07-18","370","497"
"2023-07-17","254","274"
"2023-07-16","16","23"
"2023-07-15","38","45"
"2023-07-14","52","192"
"2023-07-13","279","323"
"2023-07-12","195","340"
"2023-07-11","321","471"
"2023-07-10","200","211"
"2023-07-09","54","58"
"2023-07-08","30","130"
"2023-07-07","103","138"
"2023-07-06","34","48"
"2023-07-05","33","48"
"2023-07-04","32","35"
"2023-07-03","43","34"
"2023-07-02","119","134"
"2023-07-01","74","83"
"2023-06-30","235","265"
"2023-06-29","122","205"
"2023-06-28","120","140"
"2023-06-27","272","313"
"2023-06-26","49","52"
"2023-06-25","66","74"
"2023-06-24","113","115"
"2023-06-23","124","223"
"2023-06-22","388","413"
"2023-06-21","33","42"
"2023-06-20","161","167"
"2023-06-19","51","52"
"2023-06-18","17","30"
"2023-06-17","19","25"
"2023-06-16","40","71"
"2023-06-15","66","71"
"2023-06-14","196","212"
"2023-06-13","326","370"
"2023-06-12","77","99"
"2023-06-11","10","11"
"2023-06-10","19","20"
"2023-06-09","48","96"
"2023-06-08","98","110"
"2023-06-07","103","502"
"2023-06-06","56","78"
"2023-06-05","71","120"
"2023-06-04","10","23"
"2023-06-03","25","36"
"2023-06-02","43","49"
"2023-06-01","66","71"
"2023-05-31","109","111"
"2023-05-30","24","30"
"2023-05-29","92","99"
"2023-05-28","14","19"
"2023-05-27","65","66"
"2023-05-26","149","157"
"2023-05-25","52","69"
"2023-05-24","55","58"
"2023-05-23","59","61"
"2023-05-22","24","74"
"2023-05-21","28","29"
"2023-05-20","13","15"
"2023-05-19","30","37"
"2023-05-18","70","75"
"2023-05-17","112","117"
"2023-05-16","25","27"
"2023-05-15","16","21"
"2023-05-14","16","35"
"2023-05-13","25","41"
"2023-05-12","53","53"
"2023-05-11","97","114"
"2023-05-10","39","58"
"2023-05-09","47","46"
"2023-05-08","102","119"
"2023-05-07","78","85"
"2023-05-06","25","35"
"2023-05-05","44","114"
"2023-05-04","60","87"
"2023-05-03","71","481"
"2023-05-02","69","82"
"2023-05-01","44","45"
"2023-04-30","84","89"
"2023-04-29","54","55"
"2023-04-28","109","113"
"2023-04-27","94","99"
"2023-04-26","165","173"
"2023-04-25","239","266"
"2023-04-24","83","93"
"2023-04-23","79","118"
"2023-04-22","20","22"
"2023-04-21","36","52"
"2023-04-20","38","46"
"2023-04-19","69","79"
"2023-04-18","34","38"
"2023-04-17","48","72"
"2023-04-16","59","65"
"2023-04-15","66","79"
"2023-04-14","88","104"
"2023-04-13","68","87"
"2023-04-12","255","282"
"2023-04-11","307","329"
"2023-04-10","96","107"
"2023-04-09","102","105"
"2023-04-08","31","335"
"2023-04-07","38","40"
"2023-04-06","104","167"
"2023-04-05","50","76"
"2023-04-04","19","23"
"2023-04-03","91","94"
"2023-04-02","37","39"
"2023-04-01","53","138"
"2023-03-31","39","66"
"2023-03-30","70","202"
"2023-03-29","38","79"
"2023-03-28","67","100"
"2023-03-27","105","127"
"2023-03-26","80","80"
"2023-03-25","55","81"
"2023-03-24","59","70"
"2023-03-23","53","83"
"2023-03-22","38","65"
"2023-03-21","93","115"
"2023-03-20","40","42"
"2023-03-19","200","237"
"2023-03-18","34","84"
"2023-03-17","117","411"
"2023-03-16","212","334"
"2023-03-15","330","394"
"2023-03-14","188","249"
"2023-03-13","105","103"
"2023-03-12","214","224"
"2023-03-11","172","289"
"2023-03-10","424","458"
"2023-03-09","149","212"
"2023-03-08","399","429"
"2023-03-07","318","329"
"2023-03-06","88","93"
"2023-03-05","110","110"
"2023-03-04","22","28"
"2023-03-03","130","183"
"2023-03-02","24","24"
"2023-03-01","36","46"
"2023-02-28","81","82"
"2023-02-27","38","45"
"2023-02-26","12","14"
"2023-02-25","37","176"
"2023-02-24","21","34"
"2023-02-23","25","40"
"2023-02-22","49","226"
"2023-02-21","49","51"
"2023-02-20","22","87"
"2023-02-19","16","18"
"2023-02-18","23","41"
"2023-02-17","29","81"
"2023-02-16","77","121"
"2023-02-15","78","124"
"2023-02-14","38","87"
"2023-02-13","110","166"
"2023-02-12","28","47"
"2023-02-11","107","126"
"2023-02-10","90","92"
"2023-02-09","79","99"
"2023-02-08","72","74"
"2023-02-07","64","79"
"2023-02-06","90","98"
"2023-02-05","102","124"
"2023-02-04","110","111"
"2023-02-03","176","182"
"2023-02-02","226","385"
"2023-02-01","240","259"
"2023-01-31","110","130"
"2023-01-30","159","145"
"2023-01-29","89","133"
"2023-01-28","72","139"
"2023-01-27","116","131"
"2023-01-26","63","73"
"2023-01-25","203","212"
"2023-01-24","111","117"
"2023-01-23","66","60"
"2023-01-22","76","95"
"2023-01-21","137","140"
"2023-01-20","93","95"
"2023-01-19","27","34"
"2023-01-18","131","358"
"2023-01-17","116","166"
"2023-01-16","204","287"
"2023-01-15","81","126"
"2023-01-14","65","74"
"2023-01-13","207","222"
"2023-01-12","63","105"
"2023-01-11","189","240"
"2023-01-10","315","408"
"2023-01-09","57","60"
"2023-01-08","80","291"
"2023-01-07","99","107"
"2023-01-06","172","296"
"2023-01-05","330","505"
"2023-01-04","175","287"
"2023-01-03","677","806"
"2023-01-02","70","79"
"2023-01-01","147","165"
"2022-12-31","38","174"
"2022-12-30","107","116"
"2022-12-29","175","191"
"2022-12-28","99","115"
"2022-12-27","214","229"
"2022-12-26","29","223"
"2022-12-25","45","168"
"2022-12-24","124","219"
"2022-12-23","107","131"
"2022-12-22","252","290"
"2022-12-21","253","275"
"2022-12-20","253","306"
"2022-12-19","166","130"
"2022-12-18","422","517"
"2022-12-17","120","126"
"2022-12-16","255","276"
"2022-12-15","164","418"
"2022-12-14","172","194"
"2022-12-13","209","236"
"2022-12-12","38","46"
"2022-12-11","34","39"
"2022-12-10","108","129"
"2022-12-09","90","98"
"2022-12-08","111","115"
"2022-12-07","162","186"
"2022-12-06","175","359"
"2022-12-05","58","86"
"2022-12-04","111","136"
"2022-12-03","132","185"
"2022-12-02","273","294"
"2022-12-01","286","236"
"2022-11-30","355","484"
"2022-11-29","367","410"
"2022-11-28","279","299"
"2022-11-27","38","61"
"2022-11-26","101","248"
"2022-11-25","177","227"
"2022-11-24","118","258"
"2022-11-23","206","223"
"2022-11-22","308","375"
"2022-11-21","470","526"
"2022-11-20","243","247"
"2022-11-19","228","230"
"2022-11-18","323","338"
"2022-11-17","379","453"
"2022-11-16","263","290"
"2022-11-15","399","426"
"2022-11-14","65","192"
"2022-11-13","81","234"
"2022-11-12","62","237"
"2022-11-11","270","382"
"2022-11-10","225","495"
"2022-11-09","183","225"
"2022-11-08","322","357"
"2022-11-07","86","96"
"2022-11-06","49","49"
"2022-11-05","96","112"
"2022-11-04","152","159"
"2022-11-03","143","147"
"2022-11-02","217","241"
"2022-11-01","180","194"
"2022-10-31","66","87"
"2022-10-30","27","28"
"2022-10-29","14","15"
"2022-10-28","70","74"
"2022-10-27","39","57"
"2022-10-26","61","67"
"2022-10-25","41","52"
"2022-10-24","82","84"
"2022-10-23","135","136"
"2022-10-22","30","33"
"2022-10-21","105","107"
"2022-10-20","76","81"
"2022-10-19","236","379"
"2022-10-18","264","292"
"2022-10-17","29","38"
"2022-10-16","27","29"
"2022-10-15","48","50"
"2022-10-14","84","87"
"2022-10-13","63","64"
"2022-10-12","183","198"
"2022-10-11","234","329"
"2022-10-10","85","96"
"2022-10-09","28","29"
"2022-10-08","26","185"
"2022-10-07","35","66"
"2022-10-06","51","53"
"2022-10-05","183","196"
"2022-10-04","221","253"
"2022-10-03","43","52"
"2022-10-02","30","49"
"2022-10-01","40","129"
"2022-09-30","79","108"
"2022-09-29","108","117"
"2022-09-28","189","197"
"2022-09-27","385","421"
"2022-09-26","85","99"
"2022-09-25","73","155"
"2022-09-24","81","92"
"2022-09-23","44","48"
"2022-09-22","110","117"
"2022-09-21","160","169"
"2022-09-20","271","285"
"2022-09-19","70","46"
"2022-09-18","53","87"
"2022-09-17","91","93"
"2022-09-16","80","94"
"2022-09-15","111","114"
"2022-09-14","182","214"
"2022-09-13","223","271"
"2022-09-12","70","84"
"2022-09-11","44","51"
"2022-09-10","89","116"
"2022-09-09","151","169"
"2022-09-08","225","248"
"2022-09-07","196","208"
"2022-09-06","42","47"
"2022-09-05","12","15"
"2022-09-04","43","57"
"2022-09-03","65","95"
"2022-09-02","56","268"
"2022-09-01","282","284"
"2022-08-31","169","189"
"2022-08-30","268","279"
"2022-08-29","77","78"
"2022-08-28","72","85"
"2022-08-27","109","127"
"2022-08-26","77","93"
"2022-08-25","144","172"
"2022-08-24","249","290"
"2022-08-23","261","276"
"2022-08-22","46","63"
"2022-08-21","82","83"
"2022-08-20","32","35"
"2022-08-19","47","49"
"2022-08-18","47","37"
"2022-08-17","120","152"
"2022-08-16","122","125"
"2022-08-15","161","182"
"2022-08-14","90","133"
"2022-08-13","150","174"
"2022-08-12","98","102"
"2022-08-11","100","109"
"2022-08-10","191","207"
"2022-08-09","211","220"
"2022-08-08","60","62"
"2022-08-07","37","47"
"2022-08-06","74","63"
"2022-08-05","104","132"
"2022-08-04","131","143"
"2022-08-03","209","219"
"2022-08-02","223","231"
"2022-08-01","94","99"
"2022-07-31","52","52"
"2022-07-30","62","102"
"2022-07-29","140","144"
"2022-07-28","63","66"
"2022-07-27","259","274"
"2022-07-26","244","270"
"2022-07-25","40","44"
"2022-07-24","78","80"
"2022-07-23","49","56"
"2022-07-22","72","109"
"2022-07-21","67","77"
"2022-07-20","245","265"
"2022-07-19","246","256"
"2022-07-18","40","42"
"2022-07-17","70","95"
"2022-07-16","49","55"
"2022-07-15","55","63"
"2022-07-14","24","26"
"2022-07-13","132","139"
"2022-07-12","106","120"
"2022-07-11","53","58"
"2022-07-10","60","235"
"2022-07-09","19","37"
"2022-07-08","109","115"
"2022-07-07","81","86"
"2022-07-06","160","171"
"2022-07-05","201","214"
"2022-07-04","64","93"
"2022-07-03","96","100"
"2022-07-02","76","78"
"2022-07-01","64","85"
"2022-06-30","76","76"
"2022-06-29","186","222"
"2022-06-28","234","247"
"2022-06-27","84","90"
"2022-06-26","60","62"
"2022-06-25","96","103"
"2022-06-24","477","483"
"2022-06-23","201","214"
"2022-06-22","163","170"
"2022-06-21","246","255"
"2022-06-20","79","87"
"2022-06-19","52","57"
"2022-06-18","391","392"
"2022-06-17","68","76"
"2022-06-16","49","59"
"2022-06-15","48","57"
"2022-06-14","93","113"
"2022-06-13","95","103"
"2022-06-12","67","73"
"2022-06-11","55","422"
"2022-06-10","71","92"
"2022-06-09","100","103"
"2022-06-08","140","151"
"2022-06-07","152","163"
"2022-06-06","131","151"
"2022-06-05","47","50"
"2022-06-04","34","36"
"2022-06-03","60","71"
"2022-06-02","77","79"
"2022-06-01","97","136"
"2022-05-31","44","46"
"2022-05-30","59","59"
"2022-05-29","39","42"
"2022-05-28","40","41"
"2022-05-27","58","63"
"2022-05-26","203","213"
"2022-05-25","211","228"
"2022-05-24","60","60"
"2022-05-23","76","79"
"2022-05-22","54","57"
"2022-05-21","59","69"
"2022-05-20","153","170"
"2022-05-19","303","323"
"2022-05-18","265","289"
"2022-05-17","241","273"
"2022-05-16","57","81"
"2022-05-15","61","63"
"2022-05-14","49","77"
"2022-05-13","88","157"
"2022-05-12","101","108"
"2022-05-11","352","382"
"2022-05-10","222","241"
"2022-05-09","173","206"
"2022-05-08","48","54"
"2022-05-07","151","190"
"2022-05-06","230","246"
"2022-05-05","82","86"
"2022-05-04","51","57"
"2022-05-03","90","95"
"2022-05-02","79","83"
"2022-05-01","49","49"
"2022-04-30","36","42"
"2022-04-29","62","66"
"2022-04-28","89","93"
"2022-04-27","73","76"
"2022-04-26","122","128"
"2022-04-25","98","111"
"2022-04-24","65","71"
"2022-04-23","163","180"
"2022-04-22","329","367"
"2022-04-21","139","146"
"2022-04-20","63","67"
"2022-04-19","44","56"
"2022-04-18","42","44"
"2022-04-17","39","41"
"2022-04-16","28","59"
"2022-04-15","48","53"
"2022-04-14","42","300"
"2022-04-13","126","139"
"2022-04-12","72","96"
"2022-04-11","74","78"
"2022-04-10","119","120"
"2022-04-09","91","96"
"2022-04-08","156","167"
"2022-04-07","164","172"
"2022-04-06","31","41"
"2022-04-05","24","28"
"2022-04-04","46","52"
"2022-04-03","26","129"
"2022-04-02","25","28"
"2022-04-01","56","61"
"2022-03-31","34","37"
"2022-03-30","51","53"
"2022-03-29","56","59"
"2022-03-28","66","83"
"2022-03-27","136","145"
"2022-03-26","87","89"
"2022-03-25","93","250"
"2022-03-24","33","35"
"2022-03-23","63","64"
"2022-03-22","34","36"
"2022-03-21","43","45"
"2022-03-20","29","34"
"2022-03-19","48","169"
"2022-03-18","44","44"
"2022-03-17","56","57"
"2022-03-16","48","49"
"2022-03-15","70","73"
"2022-03-14","71","72"
"2022-03-13","66","69"
"2022-03-12","38","39"
"2022-03-11","69","256"
"2022-03-10","59","62"
"2022-03-09","79","84"
"2022-03-08","93","126"
"2022-03-07","78","88"
"2022-03-06","46","68"
"2022-03-05","80","93"
"2022-03-04","169","297"
"2022-03-03","213","222"
"2022-03-02","69","73"
"2022-03-01","82","85"
"2022-02-28","240","244"
"2022-02-27","72","140"
"2022-02-26","205","226"
"2022-02-25","312","678"
"2022-02-24","73","76"
"2022-02-23","209","210"
"2022-02-22","112","128"
"2022-02-21","105","117"
"2022-02-20","87","89"
"2022-02-19","77","78"
"2022-02-18","70","73"
"2022-02-17","71","77"
"2022-02-16","76","184"
"2022-02-15","146","149"
"2022-02-14","140","153"
"2022-02-13","74","77"
"2022-02-12","173","187"
"2022-02-11","207","219"
"2022-02-10","101","102"
"2022-02-09","80","86"
"2022-02-08","230","234"
"2022-02-07","101","110"
"2022-02-06","82","88"
"2022-02-05","32","36"
"2022-02-04","78","82"
"2022-02-03","56","74"
"2022-02-02","87","164"
"2022-02-01","107","109"
"2022-01-31","134","138"
"2022-01-30","46","53"
"2022-01-29","73","80"
"2022-01-28","293","354"
"2022-01-27","184","208"
"2022-01-26","137","162"
"2022-01-25","51","53"
"2022-01-24","42","43"
"2022-01-23","44","53"
"2022-01-22","47","48"
"2022-01-21","49","52"
"2022-01-20","64","66"
"2022-01-19","49","49"
"2022-01-18","47","50"
"2022-01-17","45","45"
"2022-01-16","31","36"
"2022-01-15","58","63"
"2022-01-14","35","37"
"2022-01-13","33","42"
"2022-01-12","43","45"
"2022-01-11","41","42"
"2022-01-10","113","116"
"2022-01-09","73","76"
"2022-01-08","71","77"
"2022-01-07","57","57"
"2022-01-06","128","132"
"2022-01-05","343","392"
"2022-01-04","287","306"
"2022-01-03","225","293"
"2022-01-02","45","53"
"2022-01-01","95","95"
"2021-12-31","64","289"
"2021-12-30","75","83"
"2021-12-29","48","55"
"2021-12-28","73","88"
"2021-12-27","76","77"
"2021-12-26","163","157"
"2021-12-25","111","146"
"2021-12-24","115","132"
"2021-12-23","166","170"
"2021-12-22","70","70"
"2021-12-21","174","178"
"2021-12-20","141","145"
"2021-12-19","55","56"
"2021-12-18","164","166"
"2021-12-17","202","211"
"2021-12-16","220","237"
"2021-12-15","60","73"
"2021-12-14","82","85"
"2021-12-13","58","60"
"2021-12-12","79","81"
"2021-12-11","54","54"
"2021-12-10","94","97"
"2021-12-09","74","78"
"2021-12-08","51","53"
"2021-12-07","77","76"
"2021-12-06","74","77"
"2021-12-05","37","47"
"2021-12-04","34","166"
"2021-12-03","34","36"
"2021-12-02","72","74"
"2021-12-01","71","83"
"2021-11-30","51","53"
"2021-11-29","45","221"
"2021-11-28","50","78"
"2021-11-27","29","36"
"2021-11-26","26","29"
"2021-11-25","126","127"
"2021-11-24","106","107"
"2021-11-23","40","42"
"2021-11-22","54","56"
"2021-11-21","71","72"
"2021-11-20","24","26"
"2021-11-19","48","54"
"2021-11-18","101","110"
"2021-11-17","107","120"
"2021-11-16","156","170"
"2021-11-15","74","76"
"2021-11-14","48","49"
"2021-11-13","43","45"
"2021-11-12","52","60"
"2021-11-11","63","66"
"2021-11-10","71","74"
"2021-11-09","74","77"
"2021-11-08","96","99"
"2021-11-07","111","122"
"2021-11-06","136","475"
"2021-11-05","196","329"
"2021-11-04","34","35"
"2021-11-03","47","50"
"2021-11-02","28","31"
"2021-11-01","31","33"
"2021-10-31","60","78"
"2021-10-30","36","39"
"2021-10-29","75","76"
"2021-10-28","55","59"
"2021-10-27","56","62"
"2021-10-26","64","66"
"2021-10-25","68","72"
"2021-10-24","117","304"
"2021-10-23","201","230"
"2021-10-22","39","42"
"2021-10-21","58","59"
"2021-10-20","363","680"
"2021-10-19","83","86"
"2021-10-18","95","100"
"2021-10-17","58","60"
"2021-10-16","72","86"
"2021-10-15","104","115"
"2021-10-14","190","207"
"2021-10-13","247","269"
"2021-10-12","178","314"
"2021-10-11","314","326"
"2021-10-10","45","51"
"2021-10-09","88","94"
"2021-10-08","130","139"
"2021-10-07","244","262"
"2021-10-06","53","59"
"2021-10-05","32","32"
"2021-10-04","44","46"
"2021-10-03","20","23"
"2021-10-02","78","95"
"2021-10-01","49","118"
"2021-09-30","103","112"
"2021-09-29","37","37"
"2021-09-28","122","134"
"2021-09-27","98","156"
"2021-09-26","59","64"
"2021-09-25","18","22"
"2021-09-24","49","53"
"2021-09-23","110","132"
"2021-09-22","98","96"
"2021-09-21","306","380"
"2021-09-20","208","219"
"2021-09-19","83","272"
"2021-09-18","66","69"
"2021-09-17","234","256"
"2021-09-16","242","258"
"2021-09-15","97","119"
"2021-09-14","29","30"
"2021-09-13","56","58"
"2021-09-12","93","150"
"2021-09-11","78","79"
"2021-09-10","22","24"
"2021-09-09","39","41"
"2021-09-08","102","144"
"2021-09-07","27","30"
"2021-09-06","29","36"
"2021-09-05","14","15"
"2021-09-04","12","19"
"2021-09-03","25","26"
"2021-09-02","105","129"
"2021-09-01","46","51"
"2021-08-31","61","63"
"2021-08-30","88","118"
"2021-08-29","11","11"
"2021-08-28","96","158"
"2021-08-27","23","24"
"2021-08-26","133","150"
"2021-08-25","33","38"
"2021-08-24","73","105"
"2021-08-23","41","43"
"2021-08-22","40","44"
"2021-08-21","27","125"
"2021-08-20","110","264"
"2021-08-19","43","47"
"2021-08-18","123","329"
"2021-08-17","41","45"
"2021-08-16","47","53"
"2021-08-15","41","41"
"2021-08-14","20","22"
"2021-08-13","96","165"
"2021-08-12","85","89"
"2021-08-11","39","55"
"2021-08-10","48","55"
"2021-08-09","53","53"
"2021-08-08","84","91"
"2021-08-07","50","52"
"2021-08-06","72","85"
"2021-08-05","179","200"
"2021-08-04","197","223"
"2021-08-03","34","47"
"2021-08-02","28","39"
"2021-08-01","70","81"
"2021-07-31","23","27"
"2021-07-30","180","199"
"2021-07-29","201","258"
"2021-07-28","82","96"
"2021-07-27","57","71"
"2021-07-26","70","77"
"2021-07-25","53","73"
"2021-07-24","44","58"
"2021-07-23","132","156"
"2021-07-22","138","280"
"2021-07-21","271","288"
"2021-07-20","396","418"
"2021-07-19","117","152"
"2021-07-18","162","183"
"2021-07-17","145","167"
"2021-07-16","252","273"
"2021-07-15","169","240"
"2021-07-14","456","570"
"2021-07-13","113","126"
"2021-07-12","95","104"
"2021-07-11","119","128"
"2021-07-10","306","318"
"2021-07-09","138","155"
"2021-07-08","245","281"
"2021-07-07","49","68"
"2021-07-06","207","243"
"2021-07-05","57","87"
"2021-07-04","189","227"
"2021-07-03","73","116"
"2021-07-02","212","219"
"2021-07-01","200","260"
"2021-06-30","92","121"
"2021-06-29","369","444"
"2021-06-28","166","291"
"2021-06-27","218","246"
"2021-06-26","41","46"
"2021-06-25","322","380"
"2021-06-24","56","95"
"2021-06-23","96","245"
"2021-06-22","76","133"
"2021-06-21","75","199"
"2021-06-20","124","192"
"2021-06-19","152","315"
"2021-06-18","79","116"
"2021-06-17","63","228"
"2021-06-16","42","94"
"2021-06-15","61","183"
"2021-06-14","167","264"
"2021-06-13","191","544"
"2021-06-12","153","216"
"2021-06-11","112","222"
"2021-06-10","76","161"
"2021-06-09","71","232"
"2021-06-08","74","135"
"2021-06-07","95","144"
"2021-06-06","135","220"
"2021-06-05","214","438"
"2021-06-04","112","172"
"2021-06-03","261","443"
"2021-06-02","217","272"
"2021-06-01","69","226"
"2021-05-31","117","200"
"2021-05-30","299","696"
"2021-05-29","114","179"
"2021-05-28","46","110"
"2021-05-27","64","132"
"2021-05-26","229","310"
"2021-05-25","431","472"
"2021-05-24","30","123"
"2021-05-23","17","42"
"2021-05-22","8","99"
"2021-05-21","46","69"
"2021-05-20","36","81"
"2021-05-19","25","54"
"2021-05-18","32","62"
"2021-05-17","70","100"
"2021-05-16","62","160"
"2021-05-15","126","217"
"2021-05-14","100","185"
"2021-05-13","256","292"
"2021-05-12","297","658"
"2021-05-11","54","90"
"2021-05-10","87","179"
"2021-05-09","60","144"
"2021-05-08","22","110"
"2021-05-07","37","75"
"2021-05-06","75","172"
"2021-05-05","260","319"
"2021-05-04","215","291"
"2021-05-03","140","212"
"2021-05-02","148","251"
"2021-05-01","17","47"
"2021-04-30","76","262"
"2021-04-29","58","90"
"2021-04-28","45","140"
"2021-04-27","131","168"
"2021-04-26","113","218"
"2021-04-25","26","148"
"2021-04-24","96","243"
"2021-04-23","48","82"
"2021-04-22","37","131"
"2021-04-21","58","81"
"2021-04-20","79","173"
"2021-04-19","165","191"
"2021-04-18","125","192"
"2021-04-17","110","145"
"2021-04-16","146","230"
"2021-04-15","112","209"
"2021-04-14","141","240"
"2021-04-13","106","152"
"2021-04-12","188","303"
"2021-04-11","148","200"
"2021-04-10","151","246"
"2021-04-09","194","238"
"2021-04-08","177","221"
"2021-04-07","354","691"
"2021-04-06","188","229"
"2021-04-05","312","393"
"2021-04-04","259","285"
"2021-04-03","90","181"
"2021-04-02","238","287"
"2021-04-01","290","396"
"2021-03-31","337","458"
"2021-03-30","500","651"
"2021-03-29","201","286"
"2021-03-28","198","301"
"2021-03-27","95","129"
"2021-03-26","324","557"
"2021-03-25","138","166"
"2021-03-24","194","297"
"2021-03-23","451","497"
"2021-03-22","180","279"
"2021-03-21","55","79"
"2021-03-20","126","371"
"2021-03-19","264","312"
"2021-03-18","224","311"
"2021-03-17","155","197"
"2021-03-16","92","230"
"2021-03-15","124","154"
"2021-03-14","45","137"
"2021-03-13","71","95"
"2021-03-12","169","253"
"2021-03-11","146","174"
"2021-03-10","214","422"
"2021-03-09","122","158"
"2021-03-08","133","256"
"2021-03-07","94","119"
"2021-03-06","711","809"
"2021-03-05","210","271"
"2021-03-04","120","478"
"2021-03-03","109","188"
"2021-03-02","94","203"
"2021-03-01","104","219"
"2021-02-28","66","213"
"2021-02-27","207","276"
"2021-02-26","392","522"
"2021-02-25","178","214"
"2021-02-24","297","410"
"2021-02-23","171","273"
"2021-02-22","473","613"
"2021-02-21","47","106"
"2021-02-20","34","129"
"2021-02-19","50","105"
"2021-02-18","185","589"
"2021-02-17","292","393"
"2021-02-16","344","487"
"2021-02-15","157","222"
"2021-02-14","64","275"
"2021-02-13","84","143"
"2021-02-12","113","269"
"2021-02-11","69","155"
"2021-02-10","335","493"
"2021-02-09","245","326"
"2021-02-08","69","183"
"2021-02-07","55","107"
"2021-02-06","84","201"
"2021-02-05","112","179"
"2021-02-04","75","183"
"2021-02-03","234","502"
"2021-02-02","251","374"
"2021-02-01","479","545"
"2021-01-31","255","352"
"2021-01-30","107","198"
"2021-01-29","81","179"
"2021-01-28","273","310"
"2021-01-27","244","366"
"2021-01-26","63","105"
"2021-01-25","49","151"
"2021-01-24","60","130"
"2021-01-23","50","190"
"2021-01-22","40","75"
"2021-01-21","40","143"
"2021-01-20","103","162"
"2021-01-19","114","234"
"2021-01-18","157","498"
"2021-01-17","193","259"
"2021-01-16","230","258"
"2021-01-15","252","426"
"2021-01-14","453","501"
"2021-01-13","219","348"
"2021-01-12","57","103"
"2021-01-11","109","209"
"2021-01-10","316","361"
"2021-01-09","244","373"
"2021-01-08","364","433"
"2021-01-07","176","266"
"2021-01-06","61","208"
"2021-01-05","78","197"
"2021-01-04","50","117"
"2021-01-03","61","166"
"2021-01-02","43","65"
"2021-01-01","27","136"
"2020-12-31","93","207"
"2020-12-30","38","84"
"2020-12-29","118","216"
"2020-12-28","115","140"
"2020-12-27","24","294"
"2020-12-26","133","171"
"2020-12-25","38","139"
"2020-12-24","30","65"
"2020-12-23","111","221"
"2020-12-22","86","150"
"2020-12-21","304","389"
"2020-12-20","127","175"
"2020-12-19","90","188"
"2020-12-18","89","113"
"2020-12-17","192","268"
"2020-12-16","403","531"
"2020-12-15","154","261"
"2020-12-14","297","392"
"2020-12-13","97","217"
"2020-12-12","271","291"
"2020-12-11","274","380"
"2020-12-10","75","123"
"2020-12-09","180","258"
"2020-12-08","268","296"
"2020-12-07","269","526"
"2020-12-06","62","97"
"2020-12-05","135","226"
"2020-12-04","304","417"
"2020-12-03","389","512"
"2020-12-02","264","309"
"2020-12-01","128","267"
"2020-11-30","232","244"
"2020-11-29","94","154"
"2020-11-28","61","79"
"2020-11-27","30","103"
"2020-11-26","50","69"
"2020-11-25","140","208"
"2020-11-24","94","112"
"2020-11-23","83","161"
"2020-11-22","149","185"
"2020-11-21","118","190"
"2020-11-20","405","444"
"2020-11-19","196","269"
"2020-11-18","190","235"
"2020-11-17","267","388"
"2020-11-16","212","252"
"2020-11-15","32","107"
"2020-11-14","49","115"
"2020-11-13","76","210"
"2020-11-12","154","200"
"2020-11-11","197","285"
"2020-11-10","102","472"
"2020-11-09","73","256"
"2020-11-08","146","256"
"2020-11-07","102","187"
"2020-11-06","229","287"
"2020-11-05","93","166"
"2020-11-04","65","79"
"2020-11-03","306","413"
"2020-11-02","250","299"
"2020-11-01","292","370"
"2020-10-31","318","378"
"2020-10-30","330","492"
"2020-10-29","326","378"
"2020-10-28","205","295"
"2020-10-27","145","181"
"2020-10-26","432","618"
"2020-10-25","74","105"
"2020-10-24","96","187"
"2020-10-23","414","470"
"2020-10-22","134","212"
"2020-10-21","314","346"
"2020-10-20","142","244"
"2020-10-19","272","310"
"2020-10-18","90","172"
"2020-10-17","162","217"
"2020-10-16","202","352"
"2020-10-15","170","226"
"2020-10-14","340","452"
"2020-10-13","239","257"
"2020-10-12","258","366"
"2020-10-11","100","143"
"2020-10-10","103","231"
"2020-10-09","259","294"
"2020-10-08","153","238"
"2020-10-07","512","545"
"2020-10-06","120","210"
"2020-10-05","56","71"
"2020-10-04","98","317"
"2020-10-03","246","292"
"2020-10-02","132","318"
"2020-10-01","242","276"
"2020-09-30","295","332"
"2020-09-29","78","148"
"2020-09-28","250","283"
"2020-09-27","67","257"
"2020-09-26","155","174"
"2020-09-25","111","189"
"2020-09-24","223","256"
"2020-09-23","298","430"
"2020-09-22","393","430"
"2020-09-21","290","393"
"2020-09-20","50","59"
"2020-09-19","95","177"
"2020-09-18","95","185"
"2020-09-17","244","368"
"2020-09-16","345","372"
"2020-09-15","153","348"
"2020-09-14","94","109"
"2020-09-13","66","156"
"2020-09-12","48","61"
"2020-09-11","111","242"
"2020-09-10","75","90"
"2020-09-09","92","167"
"2020-09-08","188","268"
"2020-09-07","62","228"
"2020-09-06","65","109"
"2020-09-05","110","360"
"2020-09-04","415","692"
"2020-09-03","532","722"
"2020-09-02","297","488"
"2020-09-01","201","325"
"2020-08-31","318","415"
"2020-08-30","68","253"
"2020-08-29","65","123"
"2020-08-28","216","323"
"2020-08-27","401","536"
"2020-08-26","290","392"
"2020-08-25","263","282"
"2020-08-24","175","282"
"2020-08-23","69","77"
"2020-08-22","90","174"
"2020-08-21","182","198"
"2020-08-20","243","333"
"2020-08-19","135","214"
"2020-08-18","269","285"
"2020-08-17","215","325"
"2020-08-16","158","254"
"2020-08-15","191","282"
"2020-08-14","255","345"
"2020-08-13","265","489"
"2020-08-12","437","558"
"2020-08-11","127","136"
"2020-08-10","58","96"
"2020-08-09","72","154"
"2020-08-08","117","169"
"2020-08-07","85","97"
"2020-08-06","105","113"
"2020-08-05","139","237"
"2020-08-04","313","416"
"2020-08-03","193","289"
"2020-08-02","79","163"
"2020-08-01","62","134"
"2020-07-31","283","368"
"2020-07-30","157","269"
"2020-07-29","276","406"
"2020-07-28","125","203"
"2020-07-27","134","315"
"2020-07-26","209","388"
"2020-07-25","323","442"
"2020-07-24","460","516"
"2020-07-23","219","383"
"2020-07-22","262","345"
"2020-07-21","162","184"
"2020-07-20","162","235"
"2020-07-19","148","182"
"2020-07-18","152","158"
"2020-07-17","200","279"
"2020-07-16","202","229"
"2020-07-15","456","621"
"2020-07-14","79","143"
"2020-07-13","114","157"
"2020-07-12","148","212"
"2020-07-11","100","117"
"2020-07-10","391","421"
"2020-07-09","194","253"
"2020-07-08","163","191"
"2020-07-07","188","312"
"2020-07-06","213","236"
"2020-07-05","71","74"
"2020-07-04","34","131"
"2020-07-03","71","87"
"2020-07-02","139","323"
"2020-07-01","214","280"
"2020-06-30","323","344"
"2020-06-29","179","270"
"2020-06-28","53","98"
"2020-06-27","120","124"
"2020-06-26","73","97"
"2020-06-25","149","190"
"2020-06-24","102","121"
"2020-06-23","213","262"
"2020-06-22","363","419"
"2020-06-21","146","205"
"2020-06-20","206","214"
"2020-06-19","319","431"
"2020-06-18","272","315"
"2020-06-17","179","207"
"2020-06-16","288","318"
"2020-06-15","363","468"
"2020-06-14","333","362"
"2020-06-13","315","397"
"2020-06-12","387","418"
"2020-06-11","345","366"
"2020-06-10","346","461"
"2020-06-09","351","371"
"2020-06-08","609","681"
"2020-06-07","280","316"
"2020-06-06","322","351"
"2020-06-05","294","374"
"2020-06-04","462","499"
"2020-06-03","460","534"
"2020-06-02","430","485"
"2020-06-01","464","525"
"2020-05-31","271","323"
"2020-05-30","236","246"
"2020-05-29","408","481"
"2020-05-28","398","434"
"2020-05-27","526","563"
"2020-05-26","330","375"
"2020-05-25","299","315"
"2020-05-24","695","776"
"2020-05-23","361","387"
"2020-05-22","408","460"
"2020-05-21","383","403"
"2020-05-20","439","479"
"2020-05-19","455","533"
"2020-05-18","407","658"
"2020-05-17","354","384"
"2020-05-16","357","423"
"2020-05-15","529","578"
"2020-05-14","319","339"
"2020-05-13","325","403"
"2020-05-12","510","528"
"2020-05-11","281","299"
"2020-05-10","346","407"
"2020-05-09","309","336"
"2020-05-08","403","453"
"2020-05-07","506","536"
"2020-05-06","386","413"
"2020-05-05","342","382"
"2020-05-04","238","265"
"2020-05-03","352","392"
"2020-05-02","334","424"
"2020-05-01","455","501"
"2020-04-30","368","430"
"2020-04-29","638","675"
"2020-04-28","364","371"
"2020-04-27","402","466"
"2020-04-26","280","324"
"2020-04-25","308","360"
"2020-04-24","508","547"
"2020-04-23","415","448"
"2020-04-22","542","593"
"2020-04-21","476","532"
"2020-04-20","352","404"
"2020-04-19","287","390"
"2020-04-18","367","405"
"2020-04-17","494","563"
"2020-04-16","297","326"
"2020-04-15","337","360"
"2020-04-14","136","167"
"2020-04-13","332","378"
"2020-04-12","438","468"
"2020-04-11","409","470"
"2020-04-10","464","495"
"2020-04-09","90","69"
"2020-04-08","269","344"
"2020-04-07","429","454"
"2020-04-06","221","299"
"2020-04-05","291","350"
"2020-04-04","355","411"
"2020-04-03","416","442"
"2020-04-02","374","420"
"2020-04-01","441","463"
"2020-03-31","201","229"
"2020-03-30","455","507"
"2020-03-29","256","284"
"2020-03-28","261","315"
"2020-03-27","440","494"
"2020-03-26","280","301"
"2020-03-25","289","346"
"2020-03-24","144","138"
"2020-03-23","148","223"
"2020-03-22","306","480"
"2020-03-21","176","227"
"2020-03-20","192","204"
"2020-03-19","273","284"
"2020-03-18","23","69"
"2020-03-17","23","22"
"2020-03-16","177","204"
"2020-03-15","279","322"
"2020-03-14","193","202"
"2020-03-13","254","274"
"2020-03-12","254","286"
"2020-03-11","54","56"
"2020-03-10","234","257"
"2020-03-09","278","313"
"2020-03-08","233","237"
"2020-03-07","44","71"
"2020-03-06","208","218"
"2020-03-05","200","221"
"2020-03-04","253","279"
"2020-03-03","101","107"
"2020-03-02","485","514"
"2020-03-01","294","304"
"2020-02-29","270","281"
"2020-02-28","92","116"
"2020-02-27","210","279"
"2020-02-26","268","275"
"2020-02-25","62","91"
"2020-02-24","226","296"
"2020-02-23","208","261"
"2020-02-22","230","247"
"2020-02-21","190","239"
"2020-02-20","350","396"
"2020-02-19","270","330"
"2020-02-18","436","466"
"2020-02-17","343","382"
"2020-02-16","34","28"
"2020-02-15","208","220"
"2020-02-14","203","234"
"2020-02-13","266","281"
"2020-02-12","267","272"
"2020-02-11","95","118"
"2020-02-10","327","339"
"2020-02-09","202","232"
"2020-02-08","249","277"
"2020-02-07","412","474"
"2020-02-06","449","476"
"2020-02-05","323","393"
"2020-02-04","157","202"
"2020-02-03","287","294"
"2020-02-02","196","204"
"2020-02-01","232","262"
"2020-01-31","184","190"
"2020-01-30","182","202"
"2020-01-29","312","326"
"2020-01-28","200","256"
"2020-01-27","489","515"
"2020-01-26","201","216"
"2020-01-25","409","420"
"2020-01-24","388","417"
"2020-01-23","322","335"
"2020-01-22","295","336"
"2020-01-21","243","259"
"2020-01-20","367","411"
"2020-01-19","212","246"
"2020-01-18","250","265"
"2020-01-17","335","377"
"2020-01-16","690","717"
"2020-01-15","309","347"
"2020-01-14","235","258"
"2020-01-13","330","360"
"2020-01-12","286","310"
"2020-01-11","250","291"
"2020-01-10","288","325"
"2020-01-09","292","308"
"2020-01-08","409","443"
"2020-01-07","294","318"
"2020-01-06","296","335"
"2020-01-05","222","255"
"2020-01-04","180","210"
"2020-01-03","327","353"
"2020-01-02","297","312"
"2020-01-01","286","304"
"2019-12-31","234","275"
"2019-12-30","195","241"
"2019-12-29","203","221"
"2019-12-28","184","194"
"2019-12-27","289","303"
"2019-12-26","149","151"
"2019-12-25","167","191"
"2019-12-24","291","313"
"2019-12-23","291","311"
"2019-12-22","156","179"
"2019-12-21","218","245"
"2019-12-20","261","316"
"2019-12-19","200","215"
"2019-12-18","247","277"
"2019-12-17","246","286"
"2019-12-16","221","253"
"2019-12-15","103","111"
"2019-12-14","166","183"
"2019-12-13","206","232"
"2019-12-12","191","205"
"2019-12-11","284","299"
"2019-12-10","209","226"
"2019-12-09","228","244"
"2019-12-08","99","106"
"2019-12-07","142","156"
"2019-12-06","226","237"
"2019-12-05","416","440"
"2019-12-04","142","158"
"2019-12-03","82","86"
"2019-12-02","69","85"
"2019-12-01","74","79"
"2019-11-30","72","81"
"2019-11-29","85","92"
"2019-11-28","54","55"
"2019-11-27","191","198"
"2019-11-26","193","205"
"2019-11-25","332","424"
"2019-11-24","105","114"
"2019-11-23","192","205"
"2019-11-22","253","273"
"2019-11-21","195","207"
"2019-11-20","197","211"
"2019-11-19","227","424"
"2019-11-18","41","48"
"2019-11-17","43","45"
"2019-11-16","289","297"
"2019-11-15","134","142"
"2019-11-14","183","192"
"2019-11-13","192","204"
"2019-11-12","318","367"
"2019-11-11","240","251"
"2019-11-10","108","110"
"2019-11-09","139","149"
"2019-11-08","365","385"
"2019-11-07","261","279"
"2019-11-06","14","17"
"2019-11-05","13","13"
"2019-11-04","8","8"
"2019-11-03","13","13"
"2019-11-02","6","7"
"2019-11-01","7","8"
"2019-10-31","9","10"
"2019-10-30","17","18"
"2019-10-29","12","12"
"2019-10-28","10","234"
"2019-10-27","2","35"
"2019-10-26","18","18"
"2019-10-25","5","5"
"2019-10-24","5","5"
"2019-10-23","2","2"
"2019-10-22","6","6"
"2019-10-21","8","8"
"2019-10-20","5","5"
"2019-10-19","1","1"
"2019-10-18","6","6"
"2019-10-17","2","2"
"2019-10-16","1","1"
"2019-10-15","0","0"
"2019-10-14","0","0"
"2019-10-13","0","0"
"2019-10-12","0","0"
"2019-10-11","0","0"
"2019-10-10","1","1"
"2019-10-09","0","0"
"2019-10-08","0","0"
"2019-10-07","3","3"
"2019-10-06","0","0"
"2019-10-05","0","0"
"Weekly Downloads",,
"2026-08-03","100","101"
"2026-07-27","843","1125"
"2026-07-20","391","398"
"2026-07-13","1272","1295"
"2026-07-06","876","888"
"2026-06-29","1755","1763"
"2026-06-22","1266","1273"
"2026-06-15","668","709"
"2026-06-08","244","248"
"2026-06-01","1246","1264"
"2026-05-25","305","323"
"2026-05-18","1211","1235"
"2026-05-11","692","717"
"2026-05-04","529","557"
"2026-04-27","1042","1070"
"2026-04-20","1994","2043"
"2026-04-13","890","943"
"2026-04-06","1353","1429"
"2026-03-30","713","743"
"2026-03-23","726","753"
"2026-03-16","1169","1194"
"2026-03-09","727","850"
"2026-03-02","1706","1954"
"2026-02-23","790","823"
"2026-02-16","710","738"
"2026-02-09","883","906"
"2026-02-02","782","800"
"2026-01-26","850","876"
"2026-01-19","820","845"
"2026-01-12","749","774"
"2026-01-05","258","275"
"2025-12-29","376","393"
"2025-12-22","738","769"
"2025-12-15","624","658"
"2025-12-08","693","721"
"2025-12-01","443","474"
"2025-11-24","407","429"
"2025-11-17","605","632"
"2025-11-10","844","871"
"2025-11-03","397","414"
"2025-10-27","995","1112"
"2025-10-20","430","450"
"2025-10-13","887","926"
"2025-10-06","1459","1484"
"2025-09-29","440","460"
"2025-09-22","1917","1960"
"2025-09-15","393","398"
"2025-09-08","439","447"
"2025-09-01","456","464"
"2025-08-25","406","411"
"2025-08-18","561","579"
"2025-08-11","519","555"
"2025-08-04","422","437"
"2025-07-28","411","424"
"2025-07-21","378","401"
"2025-07-14","514","527"
"2025-07-07","423","437"
"2025-06-30","402","493"
"2025-06-23","364","377"
"2025-06-16","396","400"
"2025-06-09","703","707"
"2025-06-02","867","877"
"2025-05-26","794","811"
"2025-05-19","812","857"
"2025-05-12","715","718"
"2025-05-05","982","991"
"2025-04-28","505","508"
"2025-04-21","545","554"
"2025-04-14","668","682"
"2025-04-07","717","724"
"2025-03-31","1217","1224"
"2025-03-24","883","902"
"2025-03-17","775","791"
"2025-03-10","865","868"
"2025-03-03","665","676"
"2025-02-24","528","533"
"2025-02-17","659","837"
"2025-02-10","1127","1298"
"2025-02-03","417","420"
"2025-01-27","554","558"
"2025-01-20","550","565"
"2025-01-13","489","497"
"2025-01-06","558","559"
"2024-12-30","310","315"
"2024-12-23","388","392"
"2024-12-16","532","544"
"2024-12-09","732","785"
"2024-12-02","749","758"
"2024-11-25","542","554"
"2024-11-18","628","636"
"2024-11-11","896","916"
"2024-11-04","674","686"
"2024-10-28","631","652"
"2024-10-21","490","505"
"2024-10-14","683","698"
"2024-10-07","795","806"
"2024-09-30","649","683"
"2024-09-23","976","982"
"2024-09-16","907","1019"
"2024-09-09","483","496"
"2024-09-02","1192","1208"
"2024-08-26","551","559"
"2024-08-19","554","566"
"2024-08-12","455","462"
"2024-08-05","483","596"
"2024-07-29","429","433"
"2024-07-22","670","683"
"2024-07-15","803","862"
"2024-07-08","767","779"
"2024-07-01","502","540"
"2024-06-24","593","605"
"2024-06-17","414","422"
"2024-06-10","552","576"
"2024-06-03","769","807"
"2024-05-27","416","430"
"2024-05-20","655","696"
"2024-05-13","565","578"
"2024-05-06","434","447"
"2024-04-29","787","804"
"2024-04-22","520","555"
"2024-04-15","553","579"
"2024-04-08","259","272"
"2024-04-01","682","696"
"2024-03-25","358","378"
"2024-03-18","1070","1091"
"2024-03-11","385","398"
"2024-03-04","602","621"
"2024-02-26","706","720"
"2024-02-19","447","461"
"2024-02-12","289","417"
"2024-02-05","409","426"
"2024-01-29","795","817"
"2024-01-22","459","468"
"2024-01-15","542","566"
"2024-01-08","625","767"
"2024-01-01","215","226"
"2023-12-25","166","176"
"2023-12-18","560","581"
"2023-12-11","249","255"
"2023-12-04","547","567"
"2023-11-27","342","347"
"2023-11-20","668","703"
"2023-11-13","729","760"
"2023-11-06","867","887"
"2023-10-30","1509","1627"
"2023-10-23","750","768"
"2023-10-16","878","953"
"2023-10-09","518","783"
"2023-10-02","881","2015"
"2023-09-25","505","812"
"2023-09-18","298","373"
"2023-09-11","496","701"
"2023-09-04","678","879"
"2023-08-28","451","679"
"2023-08-21","595","866"
"2023-08-14","1684","2027"
"2023-08-07","650","817"
"2023-07-31","308","716"
"2023-07-24","290","409"
"2023-07-17","1065","1425"
"2023-07-10","1101","1605"
"2023-07-03","329","491"
"2023-06-26","991","1192"
"2023-06-19","936","1086"
"2023-06-12","741","878"
"2023-06-05","405","937"
"2023-05-29","369","419"
"2023-05-22","418","504"
"2023-05-15","294","321"
"2023-05-08","379","466"
"2023-05-01","391","929"
"2023-04-24","828","888"
"2023-04-17","324","427"
"2023-04-10","939","1053"
"2023-04-03","435","840"
"2023-03-27","409","751"
"2023-03-20","418","536"
"2023-03-13","1186","1812"
"2023-03-06","1764","2034"
"2023-02-27","441","518"
"2023-02-20","215","628"
"2023-02-13","371","638"
"2023-02-06","530","615"
"2023-01-30","1123","1336"
"2023-01-23","720","865"
"2023-01-16","784","1175"
"2023-01-09","977","1235"
"2023-01-02","1603","2371"
"2022-12-26","809","1213"
"2022-12-19","1200","1519"
"2022-12-12","1380","1813"
"2022-12-05","738","1012"
"2022-11-28","1803","2044"
"2022-11-21","1418","1918"
"2022-11-14","1900","2176"
"2022-11-07","1229","2026"
"2022-10-31","903","989"
"2022-10-24","334","377"
"2022-10-17","875","1066"
"2022-10-10","724","853"
"2022-10-03","587","834"
"2022-09-26","916","1120"
"2022-09-19","809","912"
"2022-09-12","810","957"
"2022-09-05","759","854"
"2022-08-29","960","1250"
"2022-08-22","958","1106"
"2022-08-15","611","663"
"2022-08-08","900","1007"
"2022-08-01","872","934"
"2022-07-25","860","952"
"2022-07-18","797","885"
"2022-07-11","489","556"
"2022-07-04","694","951"
"2022-06-27","816","898"
"2022-06-20","1322","1374"
"2022-06-13","796","857"
"2022-06-06","716","1155"
"2022-05-30","418","477"
"2022-05-23","687","726"
"2022-05-16","1132","1262"
"2022-05-09","1046","1234"
"2022-05-02","731","811"
"2022-04-25","529","565"
"2022-04-18","845","931"
"2022-04-11","429","766"
"2022-04-04","631","676"
"2022-03-28","314","450"
"2022-03-21","489","664"
"2022-03-14","366","498"
"2022-03-07","482","724"
"2022-02-28","899","1082"
"2022-02-21","1088","1575"
"2022-02-14","667","803"
"2022-02-07","966","1015"
"2022-01-31","576","691"
"2022-01-24","826","953"
"2022-01-17","345","363"
"2022-01-10","354","381"
"2022-01-03","1184","1333"
"2021-12-27","476","740"
"2021-12-20","940","998"
"2021-12-13","841","888"
"2021-12-06","503","516"
"2021-11-29","344","680"
"2021-11-22","431","475"
"2021-11-15","581","628"
"2021-11-08","447","470"
"2021-11-01","583","1075"
"2021-10-25","414","452"
"2021-10-18","956","1501"
"2021-10-11","1163","1377"
"2021-10-04","636","683"
"2021-09-27","507","675"
"2021-09-20","848","966"
"2021-09-13","807","1062"
"2021-09-06","390","504"
"2021-08-30","351","421"
"2021-08-23","410","529"
"2021-08-16","431","907"
"2021-08-09","382","480"
"2021-08-02","644","737"
"2021-07-26","683","809"
"2021-07-19","1151","1425"
"2021-07-12","1392","1663"
"2021-07-05","1121","1280"
"2021-06-28","1301","1678"
"2021-06-21","884","1344"
"2021-06-14","688","1392"
"2021-06-07","772","1654"
"2021-05-31","1125","1971"
"2021-05-24","1213","2022"
"2021-05-17","234","507"
"2021-05-10","982","1781"
"2021-05-03","809","1323"
"2021-04-26","588","1176"
"2021-04-19","509","1049"
"2021-04-12","928","1471"
"2021-04-05","1524","2218"
"2021-03-29","1915","2544"
"2021-03-22","1580","2226"
"2021-03-15","1040","1654"
"2021-03-08","900","1495"
"2021-03-01","1442","2287"
"2021-02-22","1784","2521"
"2021-02-15","1109","2031"
"2021-02-08","979","1844"
"2021-02-01","1290","2091"
"2021-01-25","1072","1661"
"2021-01-18","564","1432"
"2021-01-11","1513","2104"
"2021-01-04","1289","1955"
"2020-12-28","495","1014"
"2020-12-21","726","1429"
"2020-12-14","1352","1928"
"2020-12-07","1434","2091"
"2020-11-30","1514","2072"
"2020-11-23","552","886"
"2020-11-16","1537","1963"
"2020-11-09","683","1645"
"2020-11-02","1191","1687"
"2020-10-26","2048","2712"
"2020-10-19","1446","1874"
"2020-10-12","1461","2042"
"2020-10-05","1303","1732"
"2020-09-28","1341","1966"
"2020-09-21","1537","2129"
"2020-09-14","1076","1618"
"2020-09-07","642","1212"
"2020-08-31","1938","3111"
"2020-08-24","1478","2191"
"2020-08-17","1203","1606"
"2020-08-10","1491","2160"
"2020-08-03","1024","1475"
"2020-07-27","1116","1858"
"2020-07-20","1797","2493"
"2020-07-13","1351","1769"
"2020-07-06","1397","1742"
"2020-06-29","1031","1509"
"2020-06-22","1073","1311"
"2020-06-15","1773","2158"
"2020-06-08","2686","3056"
"2020-06-01","2712","3084"
"2020-05-25","2468","2737"
"2020-05-18","3148","3696"
"2020-05-11","2675","2954"
"2020-05-04","2530","2792"
"2020-04-27","2913","3259"
"2020-04-20","2881","3208"
"2020-04-13","2250","2589"
"2020-04-06","2320","2599"
"2020-03-30","2533","2822"
"2020-03-23","1818","2101"
"2020-03-16","1170","1490"
"2020-03-09","1546","1710"
"2020-03-02","1524","1647"
"2020-02-24","1422","1642"
"2020-02-17","2027","2321"
"2020-02-10","1400","1492"
"2020-02-03","2079","2348"
"2020-01-27","1795","1955"
"2020-01-20","2225","2394"
"2020-01-13","2361","2570"
"2020-01-06","2115","2330"
"2019-12-30","1741","1950"
"2019-12-23","1574","1684"
"2019-12-16","1549","1771"
"2019-12-09","1387","1500"
"2019-12-02","1176","1268"
"2019-11-25","1001","1134"
"2019-11-18","1210","1482"
"2019-11-11","1399","1498"
"2019-11-04","908","961"
"2019-10-28","74","302"
"2019-10-21","46","79"
"2019-10-14","15","15"
"Monthly Downloads",,
"2026-08","317","318"
"2026-07","3825","4153"
"2026-06","4519","4593"
"2026-05","2982","3083"
"2026-04","5515","5736"
"2026-03","4612","5047"
"2026-02","3164","3266"
"2026-01","2759","2854"
"2025-12","2741","2877"
"2025-11","2344","2442"
"2025-10","4014","4227"
"2025-09","3311","3378"
"2025-08","1991","2069"
"2025-07","2012","2160"
"2025-06","2430","2464"
"2025-05","3497","3571"
"2025-04","3300","3339"
"2025-03","3372","3421"
"2025-02","2714","3071"
"2025-01","2241","2273"
"2024-12","2587","2666"
"2024-11","2796","2851"
"2024-10","3099","3191"
"2024-09","3643","3792"
"2024-08","2115","2254"
"2024-07","3065","3191"
"2024-06","2369","2454"
"2024-05","2487","2577"
"2024-04","2343","2436"
"2024-03","2567","2644"
"2024-02","2046","2222"
"2024-01","2289","2490"
"2023-12","1652","1711"
"2023-11","3530","3721"
"2023-10","3553","5098"
"2023-09","2151","2947"
"2023-08","3401","4771"
"2023-07","3020","4191"
"2023-06","3024","4055"
"2023-05","1707","2460"
"2023-04","2616","3385"
"2023-03","4009","5347"
"2023-02","2089","3069"
"2023-01","4500","6086"
"2022-12","4782","6243"
"2022-11","6385","8215"
"2022-10","2656","3395"
"2022-09","3670","4369"
"2022-08","3855","4256"
"2022-07","3076","3607"
"2022-06","3729","4393"
"2022-05","3748","4187"
"2022-04","2492","3107"
"2022-03","2203","2956"
"2022-02","3403","4190"
"2022-01","2983","3316"
"2021-12","2868","3400"
"2021-11","2138","2922"
"2021-10","3316","4249"
"2021-09","2607","3211"
"2021-08","2086","2915"
"2021-07","4951","5918"
"2021-06","3979","7017"
"2021-05","3520","6131"
"2021-04","4261","6765"
"2021-03","6000","9057"
"2021-02","5162","8487"
"2021-01","4569","7519"
"2020-12","5158","7923"
"2020-11","4487","6795"
"2020-10","6684","9193"
"2020-09","5498","8418"
"2020-08","5655","8144"
"2020-07","6049","8460"
"2020-06","8746","10223"
"2020-05","11962","13496"
"2020-04","11100","12424"
"2020-03","7008","7988"
"2020-02","7062","7965"
"2020-01","9380","10217"
"2019-12","6189","6818"
"2019-11","4470","5024"